image,budget,seed,strategy,tensor,density,sampling,color,scale,opacity,renderer,loss,optimizer,lr_schedule,refine,pyramid,config_label,psnr,ssim,ms_ssim,lpips,n_gaussians,init_seconds,fit_seconds,total_seconds
000000186042,512,0,aniso_flanking,central,structure,wse,bilinear,spacing,none,normalized,charbonnier,adam,none,residual_add,single,strategy=aniso_flanking|tensor=central|density=structure|sampling=wse|color=bilinear|scale=spacing|renderer=normalized|opacity=none|loss=charbonnier|optimizer=adam|lr_schedule=none|refine=residual_add|pyramid=single,23.5934,0.75488,0.90695,,576,4.705936431884766,0.6024792194366455,5.840838193893433
000000186042,512,0,aniso_flanking,central,variance,density_random,bilinear,uniform,constant,normalized,l1,adamw,none,prune_residual_add,single,strategy=aniso_flanking|tensor=central|density=variance|sampling=density_random|color=bilinear|scale=uniform|renderer=normalized|opacity=constant|loss=l1|optimizer=adamw|lr_schedule=none|refine=prune_residual_add|pyramid=single,22.0267,0.63419,0.88127,,576,0.003763914108276367,0.28523850440979004,0.28916430473327637
000000186042,512,0,aniso_flanking,scharr,structure,density_random,local_mean,spacing,constant,normalized,charbonnier,adamw,cosine,none,pyramid,strategy=aniso_flanking|tensor=scharr|density=structure|sampling=density_random|color=local_mean|scale=spacing|renderer=normalized|opacity=constant|loss=charbonnier|optimizer=adamw|lr_schedule=cosine|refine=none|pyramid=pyramid,23.7995,0.69899,0.92016,,512,0.0,0.17412447929382324,0.17412447929382324
000000186042,512,0,aniso_onedge,scharr,hybrid,jittered_grid,local_mean,spacing,none,additive,l1,adam,none,none,single,strategy=aniso_onedge|tensor=scharr|density=hybrid|sampling=jittered_grid|color=local_mean|scale=spacing|renderer=additive|opacity=none|loss=l1|optimizer=adam|lr_schedule=none|refine=none|pyramid=single,7.1845,0.3419,0.56547,,512,0.003356456756591797,0.17004156112670898,0.17351078987121582
000000186042,512,0,aniso_flanking,scharr,hybrid,density_random,bilinear,uniform,constant,additive,charbonnier,adam,cosine,residual_add,pyramid,strategy=aniso_flanking|tensor=scharr|density=hybrid|sampling=density_random|color=bilinear|scale=uniform|renderer=additive|opacity=constant|loss=charbonnier|optimizer=adam|lr_schedule=cosine|refine=residual_add|pyramid=pyramid,-19.1281,0.02812,0.02396,,576,0.0,0.4779953956604004,0.4779953956604004
000000186042,512,0,aniso_flanking,central,hybrid,jittered_grid,local_mean,spacing,constant,additive,l1,adamw,cosine,prune_residual_add,single,strategy=aniso_flanking|tensor=central|density=hybrid|sampling=jittered_grid|color=local_mean|scale=spacing|renderer=additive|opacity=constant|loss=l1|optimizer=adamw|lr_schedule=cosine|refine=prune_residual_add|pyramid=single,-2.1772,0.33141,0.482,,576,0.0031843185424804688,0.20453429222106934,0.20795130729675293
000000186042,512,0,iso_blue_noise,central,variance,jittered_grid,local_mean,uniform,none,additive,charbonnier,adamw,none,prune_residual_add,single,strategy=iso_blue_noise|tensor=central|density=variance|sampling=jittered_grid|color=local_mean|scale=uniform|renderer=additive|opacity=none|loss=charbonnier|optimizer=adamw|lr_schedule=none|refine=prune_residual_add|pyramid=single,-10.0508,0.19612,0.25415,,576,0.0037240982055664062,0.19375085830688477,0.197615385055542
000000186042,512,0,aniso_flanking,central,variance,wse,local_mean,uniform,none,normalized,l1,adamw,cosine,none,single,strategy=aniso_flanking|tensor=central|density=variance|sampling=wse|color=local_mean|scale=uniform|renderer=normalized|opacity=none|loss=l1|optimizer=adamw|lr_schedule=cosine|refine=none|pyramid=single,20.6386,0.58619,0.82991,,512,4.383428573608398,0.23032236099243164,4.613908529281616
000000186042,512,0,iso_blue_noise,central,hybrid,wse,bilinear,uniform,constant,normalized,l1,adamw,cosine,residual_add,single,strategy=iso_blue_noise|tensor=central|density=hybrid|sampling=wse|color=bilinear|scale=uniform|renderer=normalized|opacity=constant|loss=l1|optimizer=adamw|lr_schedule=cosine|refine=residual_add|pyramid=single,19.6623,0.54807,0.79359,,576,2.40356707572937,0.19588208198547363,2.5995919704437256
000000186042,512,0,aniso_flanking,central,variance,density_random,local_mean,spacing,none,normalized,charbonnier,adam,cosine,residual_add,single,strategy=aniso_flanking|tensor=central|density=variance|sampling=density_random|color=local_mean|scale=spacing|renderer=normalized|opacity=none|loss=charbonnier|optimizer=adam|lr_schedule=cosine|refine=residual_add|pyramid=single,22.9573,0.7357,0.90427,,576,0.0033571720123291016,0.18677067756652832,0.19025754928588867
000000186042,512,0,aniso_flanking,scharr,variance,jittered_grid,local_mean,uniform,none,additive,charbonnier,adam,cosine,none,pyramid,strategy=aniso_flanking|tensor=scharr|density=variance|sampling=jittered_grid|color=local_mean|scale=uniform|renderer=additive|opacity=none|loss=charbonnier|optimizer=adam|lr_schedule=cosine|refine=none|pyramid=pyramid,-16.8915,0.01257,0.01474,,512,0.0,0.4719274044036865,0.4719274044036865
000000186042,512,0,iso_blue_noise,central,hybrid,density_random,two_sided,uniform,none,additive,charbonnier,adamw,cosine,residual_add,single,strategy=iso_blue_noise|tensor=central|density=hybrid|sampling=density_random|color=two_sided|scale=uniform|renderer=additive|opacity=none|loss=charbonnier|optimizer=adamw|lr_schedule=cosine|refine=residual_add|pyramid=single,-8.4629,0.19858,0.17146,,576,0.00472569465637207,0.19864845275878906,0.20350027084350586
000000186042,512,0,aniso_flanking,central,structure,wse,bilinear,uniform,none,additive,charbonnier,adamw,cosine,none,pyramid,strategy=aniso_flanking|tensor=central|density=structure|sampling=wse|color=bilinear|scale=uniform|renderer=additive|opacity=none|loss=charbonnier|optimizer=adamw|lr_schedule=cosine|refine=none|pyramid=pyramid,-19.4943,0.03909,0.02299,,512,0.0,6.047026872634888,6.047026872634888
000000186042,512,0,iso_blue_noise,central,structure,density_random,bilinear,uniform,constant,normalized,charbonnier,adam,none,residual_add,single,strategy=iso_blue_noise|tensor=central|density=structure|sampling=density_random|color=bilinear|scale=uniform|renderer=normalized|opacity=constant|loss=charbonnier|optimizer=adam|lr_schedule=none|refine=residual_add|pyramid=single,20.2956,0.55875,0.81776,,576,0.0019876956939697266,0.18982982635498047,0.1919548511505127
000000186042,512,0,aniso_flanking,central,variance,jittered_grid,local_mean,spacing,constant,normalized,charbonnier,adamw,none,none,pyramid,strategy=aniso_flanking|tensor=central|density=variance|sampling=jittered_grid|color=local_mean|scale=spacing|renderer=normalized|opacity=constant|loss=charbonnier|optimizer=adamw|lr_schedule=none|refine=none|pyramid=pyramid,21.7495,0.64006,0.88001,,512,0.0,0.2393503189086914,0.2393503189086914
000000186042,512,0,aniso_flanking,scharr,hybrid,wse,two_sided,spacing,none,normalized,l1,adam,cosine,residual_add,single,strategy=aniso_flanking|tensor=scharr|density=hybrid|sampling=wse|color=two_sided|scale=spacing|renderer=normalized|opacity=none|loss=l1|optimizer=adam|lr_schedule=cosine|refine=residual_add|pyramid=single,23.7418,0.74015,0.9102,,576,4.404872179031372,0.1711113452911377,4.5761003494262695
000000186042,512,0,aniso_flanking,central,hybrid,wse,bilinear,spacing,none,normalized,l1,adamw,none,none,single,strategy=aniso_flanking|tensor=central|density=hybrid|sampling=wse|color=bilinear|scale=spacing|renderer=normalized|opacity=none|loss=l1|optimizer=adamw|lr_schedule=none|refine=none|pyramid=single,26.868,0.80862,0.96069,,512,4.368563175201416,0.14774727821350098,4.51640510559082
000000186042,512,0,aniso_flanking,scharr,variance,wse,bilinear,spacing,none,additive,charbonnier,adamw,none,prune_residual_add,pyramid,strategy=aniso_flanking|tensor=scharr|density=variance|sampling=wse|color=bilinear|scale=spacing|renderer=additive|opacity=none|loss=charbonnier|optimizer=adamw|lr_schedule=none|refine=prune_residual_add|pyramid=pyramid,-6.6647,0.36193,0.4646,,576,0.0,4.341537952423096,4.341537952423096
000000186042,512,0,iso_blue_noise,scharr,variance,wse,two_sided,spacing,constant,additive,l1,adam,none,residual_add,single,strategy=iso_blue_noise|tensor=scharr|density=variance|sampling=wse|color=two_sided|scale=spacing|renderer=additive|opacity=constant|loss=l1|optimizer=adam|lr_schedule=none|refine=residual_add|pyramid=single,-1.1592,0.58623,0.686,,576,2.0834920406341553,0.16955947875976562,2.253286600112915
000000186042,512,0,iso_blue_noise,central,variance,wse,bilinear,uniform,none,additive,charbonnier,adam,none,none,single,strategy=iso_blue_noise|tensor=central|density=variance|sampling=wse|color=bilinear|scale=uniform|renderer=additive|opacity=none|loss=charbonnier|optimizer=adam|lr_schedule=none|refine=none|pyramid=single,-0.7995,0.23493,0.24538,,512,2.1607449054718018,0.1462569236755371,2.3071000576019287
000000186042,512,0,aniso_flanking,scharr,hybrid,wse,bilinear,uniform,constant,normalized,l1,adamw,none,prune_residual_add,single,strategy=aniso_flanking|tensor=scharr|density=hybrid|sampling=wse|color=bilinear|scale=uniform|renderer=normalized|opacity=constant|loss=l1|optimizer=adamw|lr_schedule=none|refine=prune_residual_add|pyramid=single,22.0541,0.64205,0.88526,,576,4.390664577484131,0.27949976921081543,4.670296907424927
000000186042,512,0,iso_blue_noise,central,hybrid,jittered_grid,two_sided,uniform,constant,additive,l1,adamw,none,prune_residual_add,pyramid,strategy=iso_blue_noise|tensor=central|density=hybrid|sampling=jittered_grid|color=two_sided|scale=uniform|renderer=additive|opacity=constant|loss=l1|optimizer=adamw|lr_schedule=none|refine=prune_residual_add|pyramid=pyramid,-12.4053,0.04186,0.0453,,576,0.0,0.1821763515472412,0.1821763515472412
000000186042,512,0,aniso_onedge,central,variance,density_random,bilinear,spacing,none,additive,l1,adam,none,none,single,strategy=aniso_onedge|tensor=central|density=variance|sampling=density_random|color=bilinear|scale=spacing|renderer=additive|opacity=none|loss=l1|optimizer=adam|lr_schedule=none|refine=none|pyramid=single,14.5823,0.45346,0.69627,,512,0.006335020065307617,0.14911532402038574,0.15553498268127441
000000186042,512,0,iso_blue_noise,scharr,structure,jittered_grid,two_sided,spacing,none,normalized,charbonnier,adamw,none,none,single,strategy=iso_blue_noise|tensor=scharr|density=structure|sampling=jittered_grid|color=two_sided|scale=spacing|renderer=normalized|opacity=none|loss=charbonnier|optimizer=adamw|lr_schedule=none|refine=none|pyramid=single,21.8357,0.62771,0.88126,,512,0.0021283626556396484,0.15277957916259766,0.15499258041381836
000000186042,512,0,aniso_onedge,central,hybrid,wse,local_mean,uniform,none,additive,charbonnier,adamw,none,residual_add,single,strategy=aniso_onedge|tensor=central|density=hybrid|sampling=wse|color=local_mean|scale=uniform|renderer=additive|opacity=none|loss=charbonnier|optimizer=adamw|lr_schedule=none|refine=residual_add|pyramid=single,-8.3851,0.31242,0.27673,,576,5.101301193237305,0.28617119789123535,5.387657403945923
000000186042,512,0,iso_blue_noise,scharr,structure,density_random,bilinear,uniform,none,normalized,charbonnier,adamw,cosine,residual_add,pyramid,strategy=iso_blue_noise|tensor=scharr|density=structure|sampling=density_random|color=bilinear|scale=uniform|renderer=normalized|opacity=none|loss=charbonnier|optimizer=adamw|lr_schedule=cosine|refine=residual_add|pyramid=pyramid,18.5344,0.4977,0.70781,,576,0.0,0.26978564262390137,0.26978564262390137
000000186042,512,0,iso_blue_noise,central,variance,jittered_grid,two_sided,spacing,constant,normalized,l1,adamw,cosine,none,single,strategy=iso_blue_noise|tensor=central|density=variance|sampling=jittered_grid|color=two_sided|scale=spacing|renderer=normalized|opacity=constant|loss=l1|optimizer=adamw|lr_schedule=cosine|refine=none|pyramid=single,21.4528,0.60429,0.86582,,512,0.0026865005493164062,0.26727724075317383,0.270186185836792
000000186042,512,0,iso_blue_noise,scharr,variance,wse,two_sided,spacing,none,additive,l1,adam,none,prune_residual_add,pyramid,strategy=iso_blue_noise|tensor=scharr|density=variance|sampling=wse|color=two_sided|scale=spacing|renderer=additive|opacity=none|loss=l1|optimizer=adam|lr_schedule=none|refine=prune_residual_add|pyramid=pyramid,-4.8138,0.35582,0.387,,576,0.0,2.710167407989502,2.710167407989502
000000186042,512,0,aniso_flanking,scharr,hybrid,jittered_grid,local_mean,spacing,constant,additive,l1,adam,cosine,none,single,strategy=aniso_flanking|tensor=scharr|density=hybrid|sampling=jittered_grid|color=local_mean|scale=spacing|renderer=additive|opacity=constant|loss=l1|optimizer=adam|lr_schedule=cosine|refine=none|pyramid=single,0.434,0.23179,0.34442,,512,0.003905057907104492,0.18308353424072266,0.18716931343078613
000000186042,512,0,aniso_onedge,central,structure,jittered_grid,bilinear,spacing,none,normalized,l1,adamw,none,prune_residual_add,single,strategy=aniso_onedge|tensor=central|density=structure|sampling=jittered_grid|color=bilinear|scale=spacing|renderer=normalized|opacity=none|loss=l1|optimizer=adamw|lr_schedule=none|refine=prune_residual_add|pyramid=single,22.9506,0.70991,0.91649,,576,0.0019016265869140625,0.20122885704040527,0.20326757431030273
000000186042,512,0,iso_blue_noise,central,hybrid,wse,bilinear,spacing,none,additive,charbonnier,adam,cosine,residual_add,single,strategy=iso_blue_noise|tensor=central|density=hybrid|sampling=wse|color=bilinear|scale=spacing|renderer=additive|opacity=none|loss=charbonnier|optimizer=adam|lr_schedule=cosine|refine=residual_add|pyramid=single,-6.9269,0.52155,0.58543,,576,2.5047991275787354,0.19029021263122559,2.6952576637268066
000000186042,512,0,iso_blue_noise,scharr,hybrid,density_random,local_mean,spacing,none,additive,l1,adam,cosine,prune_residual_add,pyramid,strategy=iso_blue_noise|tensor=scharr|density=hybrid|sampling=density_random|color=local_mean|scale=spacing|renderer=additive|opacity=none|loss=l1|optimizer=adam|lr_schedule=cosine|refine=prune_residual_add|pyramid=pyramid,-4.6643,0.21988,0.28461,,576,0.0,0.19733071327209473,0.19733071327209473
000000186042,512,0,aniso_onedge,central,structure,density_random,two_sided,spacing,constant,additive,charbonnier,adam,cosine,prune_residual_add,pyramid,strategy=aniso_onedge|tensor=central|density=structure|sampling=density_random|color=two_sided|scale=spacing|renderer=additive|opacity=constant|loss=charbonnier|optimizer=adam|lr_schedule=cosine|refine=prune_residual_add|pyramid=pyramid,-1.6751,0.22514,0.30385,,576,0.0,0.21488666534423828,0.21488666534423828
000000186042,512,0,iso_blue_noise,central,structure,wse,bilinear,spacing,none,additive,l1,adam,cosine,none,single,strategy=iso_blue_noise|tensor=central|density=structure|sampling=wse|color=bilinear|scale=spacing|renderer=additive|opacity=none|loss=l1|optimizer=adam|lr_schedule=cosine|refine=none|pyramid=single,16.0326,0.43336,0.67634,,512,2.6595730781555176,0.16348028182983398,2.823201894760132
000000186042,512,0,iso_blue_noise,central,hybrid,wse,local_mean,uniform,none,normalized,l1,adamw,none,prune_residual_add,pyramid,strategy=iso_blue_noise|tensor=central|density=hybrid|sampling=wse|color=local_mean|scale=uniform|renderer=normalized|opacity=none|loss=l1|optimizer=adamw|lr_schedule=none|refine=prune_residual_add|pyramid=pyramid,18.7445,0.50918,0.72671,,576,0.0,2.849963903427124,2.849963903427124
000000186042,512,0,iso_blue_noise,scharr,structure,jittered_grid,two_sided,spacing,none,normalized,l1,adamw,none,residual_add,single,strategy=iso_blue_noise|tensor=scharr|density=structure|sampling=jittered_grid|color=two_sided|scale=spacing|renderer=normalized|opacity=none|loss=l1|optimizer=adamw|lr_schedule=none|refine=residual_add|pyramid=single,21.8561,0.61723,0.87989,,576,0.0018544197082519531,0.19098925590515137,0.19295358657836914
000000186042,512,0,aniso_flanking,scharr,variance,jittered_grid,two_sided,spacing,constant,normalized,charbonnier,adamw,none,residual_add,single,strategy=aniso_flanking|tensor=scharr|density=variance|sampling=jittered_grid|color=two_sided|scale=spacing|renderer=normalized|opacity=constant|loss=charbonnier|optimizer=adamw|lr_schedule=none|refine=residual_add|pyramid=single,23.2984,0.71003,0.92436,,576,0.0024566650390625,0.19754242897033691,0.20009756088256836
000000186042,512,0,aniso_flanking,scharr,structure,density_random,local_mean,uniform,none,additive,l1,adam,cosine,prune_residual_add,single,strategy=aniso_flanking|tensor=scharr|density=structure|sampling=density_random|color=local_mean|scale=uniform|renderer=additive|opacity=none|loss=l1|optimizer=adam|lr_schedule=cosine|refine=prune_residual_add|pyramid=single,-10.6922,0.23153,0.19019,,576,0.0032203197479248047,0.20973896980285645,0.21311211585998535
000000186042,512,0,iso_blue_noise,scharr,structure,wse,local_mean,spacing,none,normalized,charbonnier,adam,none,none,pyramid,strategy=iso_blue_noise|tensor=scharr|density=structure|sampling=wse|color=local_mean|scale=spacing|renderer=normalized|opacity=none|loss=charbonnier|optimizer=adam|lr_schedule=none|refine=none|pyramid=pyramid,23.9905,0.68818,0.92221,,512,0.0,2.2555665969848633,2.2555665969848633
000000186042,512,0,iso_blue_noise,scharr,hybrid,jittered_grid,two_sided,spacing,none,additive,l1,adamw,none,none,pyramid,strategy=iso_blue_noise|tensor=scharr|density=hybrid|sampling=jittered_grid|color=two_sided|scale=spacing|renderer=additive|opacity=none|loss=l1|optimizer=adamw|lr_schedule=none|refine=none|pyramid=pyramid,-5.018,0.12213,0.16403,,512,0.0,0.15085864067077637,0.15085864067077637
000000186042,512,0,aniso_flanking,central,hybrid,jittered_grid,two_sided,uniform,none,normalized,l1,adam,none,prune_residual_add,single,strategy=aniso_flanking|tensor=central|density=hybrid|sampling=jittered_grid|color=two_sided|scale=uniform|renderer=normalized|opacity=none|loss=l1|optimizer=adam|lr_schedule=none|refine=prune_residual_add|pyramid=single,22.0659,0.63491,0.88556,,576,0.003092050552368164,0.2566559314727783,0.2598581314086914
000000186042,512,0,iso_blue_noise,central,variance,jittered_grid,local_mean,uniform,constant,normalized,l1,adam,cosine,residual_add,single,strategy=iso_blue_noise|tensor=central|density=variance|sampling=jittered_grid|color=local_mean|scale=uniform|renderer=normalized|opacity=constant|loss=l1|optimizer=adam|lr_schedule=cosine|refine=residual_add|pyramid=single,20.9383,0.57376,0.84143,,576,0.002444744110107422,0.20476078987121582,0.20738458633422852
000000186042,512,0,aniso_onedge,central,structure,wse,bilinear,spacing,constant,normalized,charbonnier,adamw,none,residual_add,single,strategy=aniso_onedge|tensor=central|density=structure|sampling=wse|color=bilinear|scale=spacing|renderer=normalized|opacity=constant|loss=charbonnier|optimizer=adamw|lr_schedule=none|refine=residual_add|pyramid=single,24.7485,0.76808,0.92121,,576,4.696611642837524,0.18681573867797852,4.883579730987549
000000186042,512,0,iso_blue_noise,scharr,variance,jittered_grid,two_sided,spacing,constant,additive,charbonnier,adam,none,residual_add,single,strategy=iso_blue_noise|tensor=scharr|density=variance|sampling=jittered_grid|color=two_sided|scale=spacing|renderer=additive|opacity=constant|loss=charbonnier|optimizer=adam|lr_schedule=none|refine=residual_add|pyramid=single,-2.9026,0.38687,0.53627,,576,0.0023682117462158203,0.19149398803710938,0.19395995140075684
000000186042,512,0,aniso_flanking,central,variance,wse,bilinear,uniform,none,normalized,l1,adam,cosine,residual_add,single,strategy=aniso_flanking|tensor=central|density=variance|sampling=wse|color=bilinear|scale=uniform|renderer=normalized|opacity=none|loss=l1|optimizer=adam|lr_schedule=cosine|refine=residual_add|pyramid=single,21.7026,0.62359,0.87288,,576,4.26719856262207,0.26314473152160645,4.530515670776367
000000186042,512,0,iso_blue_noise,central,variance,jittered_grid,bilinear,uniform,none,normalized,l1,adam,none,residual_add,pyramid,strategy=iso_blue_noise|tensor=central|density=variance|sampling=jittered_grid|color=bilinear|scale=uniform|renderer=normalized|opacity=none|loss=l1|optimizer=adam|lr_schedule=none|refine=residual_add|pyramid=pyramid,19.7682,0.53819,0.78004,,576,0.0,0.18391990661621094,0.18391990661621094
000000186042,512,0,iso_blue_noise,central,structure,jittered_grid,two_sided,spacing,none,normalized,l1,adamw,none,prune_residual_add,single,strategy=iso_blue_noise|tensor=central|density=structure|sampling=jittered_grid|color=two_sided|scale=spacing|renderer=normalized|opacity=none|loss=l1|optimizer=adamw|lr_schedule=none|refine=prune_residual_add|pyramid=single,21.8534,0.61714,0.87977,,576,0.0017337799072265625,0.1916348934173584,0.19353389739990234
000000186042,512,0,iso_blue_noise,scharr,structure,wse,bilinear,spacing,none,additive,l1,adamw,none,residual_add,single,strategy=iso_blue_noise|tensor=scharr|density=structure|sampling=wse|color=bilinear|scale=spacing|renderer=additive|opacity=none|loss=l1|optimizer=adamw|lr_schedule=none|refine=residual_add|pyramid=single,-7.4152,0.55539,0.59617,,576,2.3899102210998535,0.17629098892211914,2.566404104232788
000000186042,512,0,aniso_flanking,central,hybrid,density_random,bilinear,uniform,constant,normalized,charbonnier,adamw,cosine,residual_add,single,strategy=aniso_flanking|tensor=central|density=hybrid|sampling=density_random|color=bilinear|scale=uniform|renderer=normalized|opacity=constant|loss=charbonnier|optimizer=adamw|lr_schedule=cosine|refine=residual_add|pyramid=single,21.8688,0.62948,0.8787,,576,0.003223419189453125,0.26909446716308594,0.2724759578704834
000000186042,512,0,aniso_flanking,scharr,hybrid,density_random,local_mean,spacing,constant,additive,charbonnier,adam,cosine,residual_add,single,strategy=aniso_flanking|tensor=scharr|density=hybrid|sampling=density_random|color=local_mean|scale=spacing|renderer=additive|opacity=constant|loss=charbonnier|optimizer=adam|lr_schedule=cosine|refine=residual_add|pyramid=single,3.2424,0.43737,0.58749,,576,0.0030083656311035156,0.1884913444519043,0.19163036346435547
000000186042,512,0,iso_blue_noise,scharr,hybrid,wse,local_mean,uniform,constant,additive,l1,adam,none,residual_add,single,strategy=iso_blue_noise|tensor=scharr|density=hybrid|sampling=wse|color=local_mean|scale=uniform|renderer=additive|opacity=constant|loss=l1|optimizer=adam|lr_schedule=none|refine=residual_add|pyramid=single,-3.2541,0.31288,0.31825,,576,2.259103298187256,0.17830944061279297,2.437598705291748
000000186042,512,0,aniso_onedge,central,variance,density_random,local_mean,spacing,none,additive,l1,adam,none,residual_add,pyramid,strategy=aniso_onedge|tensor=central|density=variance|sampling=density_random|color=local_mean|scale=spacing|renderer=additive|opacity=none|loss=l1|optimizer=adam|lr_schedule=none|refine=residual_add|pyramid=pyramid,-2.5682,0.27959,0.38565,,576,0.0,0.16630887985229492,0.16630887985229492
000000186042,512,0,iso_blue_noise,scharr,variance,wse,two_sided,spacing,none,additive,l1,adamw,none,none,single,strategy=iso_blue_noise|tensor=scharr|density=variance|sampling=wse|color=two_sided|scale=spacing|renderer=additive|opacity=none|loss=l1|optimizer=adamw|lr_schedule=none|refine=none|pyramid=single,18.0177,0.5571,0.7711,,512,2.0827105045318604,0.1461176872253418,2.2289321422576904
000000186042,512,0,aniso_onedge,central,variance,density_random,bilinear,spacing,none,normalized,l1,adamw,none,none,single,strategy=aniso_onedge|tensor=central|density=variance|sampling=density_random|color=bilinear|scale=spacing|renderer=normalized|opacity=none|loss=l1|optimizer=adamw|lr_schedule=none|refine=none|pyramid=single,26.0141,0.79008,0.95567,,512,0.0022170543670654297,0.14918231964111328,0.15150761604309082
000000186042,512,0,aniso_flanking,central,variance,density_random,local_mean,spacing,none,additive,charbonnier,adamw,cosine,residual_add,pyramid,strategy=aniso_flanking|tensor=central|density=variance|sampling=density_random|color=local_mean|scale=spacing|renderer=additive|opacity=none|loss=charbonnier|optimizer=adamw|lr_schedule=cosine|refine=residual_add|pyramid=pyramid,-6.6013,0.19564,0.25761,,576,0.0,0.17147088050842285,0.17147088050842285
000000186042,512,0,iso_blue_noise,central,variance,jittered_grid,local_mean,spacing,constant,normalized,charbonnier,adamw,cosine,none,single,strategy=iso_blue_noise|tensor=central|density=variance|sampling=jittered_grid|color=local_mean|scale=spacing|renderer=normalized|opacity=constant|loss=charbonnier|optimizer=adamw|lr_schedule=cosine|refine=none|pyramid=single,21.4265,0.60242,0.86407,,512,0.00304412841796875,0.16063404083251953,0.16380786895751953
000000186042,512,0,aniso_onedge,scharr,structure,wse,two_sided,spacing,none,normalized,l1,adam,cosine,residual_add,pyramid,strategy=aniso_onedge|tensor=scharr|density=structure|sampling=wse|color=two_sided|scale=spacing|renderer=normalized|opacity=none|loss=l1|optimizer=adam|lr_schedule=cosine|refine=residual_add|pyramid=pyramid,22.6189,0.67218,0.88542,,576,0.0,5.025176286697388,5.025176286697388
000000186042,512,0,aniso_flanking,central,variance,wse,two_sided,spacing,none,additive,l1,adamw,none,none,single,strategy=aniso_flanking|tensor=central|density=variance|sampling=wse|color=two_sided|scale=spacing|renderer=additive|opacity=none|loss=l1|optimizer=adamw|lr_schedule=none|refine=none|pyramid=single,19.4701,0.56285,0.81476,,512,4.103572607040405,0.1545276641845703,4.258193492889404
000000186042,512,0,aniso_flanking,central,variance,jittered_grid,two_sided,spacing,none,additive,l1,adamw,none,prune_residual_add,pyramid,strategy=aniso_flanking|tensor=central|density=variance|sampling=jittered_grid|color=two_sided|scale=spacing|renderer=additive|opacity=none|loss=l1|optimizer=adamw|lr_schedule=none|refine=prune_residual_add|pyramid=pyramid,-10.6587,0.11808,0.1617,,576,0.0,0.19132590293884277,0.19132590293884277
000000186042,512,0,iso_blue_noise,scharr,hybrid,density_random,bilinear,spacing,none,normalized,l1,adamw,none,prune_residual_add,pyramid,strategy=iso_blue_noise|tensor=scharr|density=hybrid|sampling=density_random|color=bilinear|scale=spacing|renderer=normalized|opacity=none|loss=l1|optimizer=adamw|lr_schedule=none|refine=prune_residual_add|pyramid=pyramid,22.2965,0.62682,0.8752,,576,0.0,0.1665973663330078,0.1665973663330078
000000186042,512,0,aniso_onedge,scharr,variance,wse,two_sided,spacing,constant,normalized,l1,adam,none,residual_add,single,strategy=aniso_onedge|tensor=scharr|density=variance|sampling=wse|color=two_sided|scale=spacing|renderer=normalized|opacity=constant|loss=l1|optimizer=adam|lr_schedule=none|refine=residual_add|pyramid=single,25.4321,0.78352,0.93841,,576,4.128183364868164,0.1823117733001709,4.31062388420105
000000186042,512,0,iso_blue_noise,central,hybrid,density_random,local_mean,spacing,constant,normalized,charbonnier,adam,none,prune_residual_add,single,strategy=iso_blue_noise|tensor=central|density=hybrid|sampling=density_random|color=local_mean|scale=spacing|renderer=normalized|opacity=constant|loss=charbonnier|optimizer=adam|lr_schedule=none|refine=prune_residual_add|pyramid=single,23.2238,0.68255,0.89827,,576,0.0026290416717529297,0.1946570873260498,0.19743728637695312
000000186042,512,0,aniso_onedge,scharr,variance,density_random,two_sided,spacing,constant,additive,l1,adam,cosine,residual_add,single,strategy=aniso_onedge|tensor=scharr|density=variance|sampling=density_random|color=two_sided|scale=spacing|renderer=additive|opacity=constant|loss=l1|optimizer=adam|lr_schedule=cosine|refine=residual_add|pyramid=single,2.0895,0.42297,0.55656,,576,0.0024225711822509766,0.17084479331970215,0.1733696460723877
000000186042,512,0,iso_blue_noise,central,hybrid,density_random,bilinear,spacing,constant,additive,l1,adamw,cosine,prune_residual_add,pyramid,strategy=iso_blue_noise|tensor=central|density=hybrid|sampling=density_random|color=bilinear|scale=spacing|renderer=additive|opacity=constant|loss=l1|optimizer=adamw|lr_schedule=cosine|refine=prune_residual_add|pyramid=pyramid,-2.0228,0.24279,0.31136,,576,0.0,0.17206072807312012,0.17206072807312012
000000190140,512,0,aniso_flanking,central,structure,wse,bilinear,spacing,none,normalized,charbonnier,adam,none,residual_add,single,strategy=aniso_flanking|tensor=central|density=structure|sampling=wse|color=bilinear|scale=spacing|renderer=normalized|opacity=none|loss=charbonnier|optimizer=adam|lr_schedule=none|refine=residual_add|pyramid=single,23.7689,0.73603,0.92654,,576,6.521432161331177,0.23409748077392578,6.755700349807739
000000190140,512,0,aniso_flanking,central,variance,density_random,bilinear,uniform,constant,normalized,l1,adamw,none,prune_residual_add,single,strategy=aniso_flanking|tensor=central|density=variance|sampling=density_random|color=bilinear|scale=uniform|renderer=normalized|opacity=constant|loss=l1|optimizer=adamw|lr_schedule=none|refine=prune_residual_add|pyramid=single,20.8252,0.54864,0.854,,576,0.0040509700775146484,0.301713228225708,0.30599355697631836
000000190140,512,0,aniso_flanking,scharr,structure,density_random,local_mean,spacing,constant,normalized,charbonnier,adamw,cosine,none,pyramid,strategy=aniso_flanking|tensor=scharr|density=structure|sampling=density_random|color=local_mean|scale=spacing|renderer=normalized|opacity=constant|loss=charbonnier|optimizer=adamw|lr_schedule=cosine|refine=none|pyramid=pyramid,21.8718,0.60136,0.88668,,512,0.0,0.2657296657562256,0.2657296657562256
000000190140,512,0,aniso_onedge,scharr,hybrid,jittered_grid,local_mean,spacing,none,additive,l1,adam,none,none,single,strategy=aniso_onedge|tensor=scharr|density=hybrid|sampling=jittered_grid|color=local_mean|scale=spacing|renderer=additive|opacity=none|loss=l1|optimizer=adam|lr_schedule=none|refine=none|pyramid=single,17.0853,0.48597,0.76271,,512,0.004416942596435547,0.17145633697509766,0.17602896690368652
000000190140,512,0,aniso_flanking,scharr,hybrid,density_random,bilinear,uniform,constant,additive,charbonnier,adam,cosine,residual_add,pyramid,strategy=aniso_flanking|tensor=scharr|density=hybrid|sampling=density_random|color=bilinear|scale=uniform|renderer=additive|opacity=constant|loss=charbonnier|optimizer=adam|lr_schedule=cosine|refine=residual_add|pyramid=pyramid,-10.6217,0.09864,0.08586,,576,0.0,0.572228193283081,0.572228193283081
000000190140,512,0,aniso_flanking,central,hybrid,jittered_grid,local_mean,spacing,constant,additive,l1,adamw,cosine,prune_residual_add,single,strategy=aniso_flanking|tensor=central|density=hybrid|sampling=jittered_grid|color=local_mean|scale=spacing|renderer=additive|opacity=constant|loss=l1|optimizer=adamw|lr_schedule=cosine|refine=prune_residual_add|pyramid=single,3.3823,0.50379,0.66021,,576,0.0035903453826904297,0.20956873893737793,0.21348142623901367
000000190140,512,0,iso_blue_noise,central,variance,jittered_grid,local_mean,uniform,none,additive,charbonnier,adamw,none,prune_residual_add,single,strategy=iso_blue_noise|tensor=central|density=variance|sampling=jittered_grid|color=local_mean|scale=uniform|renderer=additive|opacity=none|loss=charbonnier|optimizer=adamw|lr_schedule=none|refine=prune_residual_add|pyramid=single,-2.6354,0.34918,0.47137,,576,0.0032181739807128906,0.19595623016357422,0.1993405818939209
000000190140,512,0,aniso_flanking,central,variance,wse,local_mean,uniform,none,normalized,l1,adamw,cosine,none,single,strategy=aniso_flanking|tensor=central|density=variance|sampling=wse|color=local_mean|scale=uniform|renderer=normalized|opacity=none|loss=l1|optimizer=adamw|lr_schedule=cosine|refine=none|pyramid=single,19.7804,0.50156,0.78715,,512,6.233124017715454,0.2622246742248535,6.495513439178467
000000190140,512,0,iso_blue_noise,central,hybrid,wse,bilinear,uniform,constant,normalized,l1,adamw,cosine,residual_add,single,strategy=iso_blue_noise|tensor=central|density=hybrid|sampling=wse|color=bilinear|scale=uniform|renderer=normalized|opacity=constant|loss=l1|optimizer=adamw|lr_schedule=cosine|refine=residual_add|pyramid=single,18.9885,0.43925,0.71006,,576,3.456777811050415,0.2369997501373291,3.6939594745635986
000000190140,512,0,aniso_flanking,central,variance,density_random,local_mean,spacing,none,normalized,charbonnier,adam,cosine,residual_add,single,strategy=aniso_flanking|tensor=central|density=variance|sampling=density_random|color=local_mean|scale=spacing|renderer=normalized|opacity=none|loss=charbonnier|optimizer=adam|lr_schedule=cosine|refine=residual_add|pyramid=single,22.7882,0.6955,0.91116,,576,0.0027039051055908203,0.18987345695495605,0.19269871711730957
000000190140,512,0,aniso_flanking,scharr,variance,jittered_grid,local_mean,uniform,none,additive,charbonnier,adam,cosine,none,pyramid,strategy=aniso_flanking|tensor=scharr|density=variance|sampling=jittered_grid|color=local_mean|scale=uniform|renderer=additive|opacity=none|loss=charbonnier|optimizer=adam|lr_schedule=cosine|refine=none|pyramid=pyramid,-8.797,0.04736,0.04482,,512,0.0,0.49338841438293457,0.49338841438293457
000000190140,512,0,iso_blue_noise,central,hybrid,density_random,two_sided,uniform,none,additive,charbonnier,adamw,cosine,residual_add,single,strategy=iso_blue_noise|tensor=central|density=hybrid|sampling=density_random|color=two_sided|scale=uniform|renderer=additive|opacity=none|loss=charbonnier|optimizer=adamw|lr_schedule=cosine|refine=residual_add|pyramid=single,-1.4409,0.30218,0.39136,,576,0.002815723419189453,0.1891493797302246,0.19213128089904785
000000190140,512,0,aniso_flanking,central,structure,wse,bilinear,uniform,none,additive,charbonnier,adamw,cosine,none,pyramid,strategy=aniso_flanking|tensor=central|density=structure|sampling=wse|color=bilinear|scale=uniform|renderer=additive|opacity=none|loss=charbonnier|optimizer=adamw|lr_schedule=cosine|refine=none|pyramid=pyramid,-11.75,0.07624,0.06478,,512,0.0,5.52355694770813,5.52355694770813
000000190140,512,0,iso_blue_noise,central,structure,density_random,bilinear,uniform,constant,normalized,charbonnier,adam,none,residual_add,single,strategy=iso_blue_noise|tensor=central|density=structure|sampling=density_random|color=bilinear|scale=uniform|renderer=normalized|opacity=constant|loss=charbonnier|optimizer=adam|lr_schedule=none|refine=residual_add|pyramid=single,19.1927,0.45098,0.73305,,576,0.003007650375366211,0.1987161636352539,0.20185446739196777
000000190140,512,0,aniso_flanking,central,variance,jittered_grid,local_mean,spacing,constant,normalized,charbonnier,adamw,none,none,pyramid,strategy=aniso_flanking|tensor=central|density=variance|sampling=jittered_grid|color=local_mean|scale=spacing|renderer=normalized|opacity=constant|loss=charbonnier|optimizer=adamw|lr_schedule=none|refine=none|pyramid=pyramid,20.53,0.54026,0.83977,,512,0.0,0.2837090492248535,0.2837090492248535
000000190140,512,0,aniso_flanking,scharr,hybrid,wse,two_sided,spacing,none,normalized,l1,adam,cosine,residual_add,single,strategy=aniso_flanking|tensor=scharr|density=hybrid|sampling=wse|color=two_sided|scale=spacing|renderer=normalized|opacity=none|loss=l1|optimizer=adam|lr_schedule=cosine|refine=residual_add|pyramid=single,23.1793,0.71162,0.91878,,576,6.601051330566406,0.19060087203979492,6.7919087409973145
000000190140,512,0,aniso_flanking,central,hybrid,wse,bilinear,spacing,none,normalized,l1,adamw,none,none,single,strategy=aniso_flanking|tensor=central|density=hybrid|sampling=wse|color=bilinear|scale=spacing|renderer=normalized|opacity=none|loss=l1|optimizer=adamw|lr_schedule=none|refine=none|pyramid=single,24.7958,0.75715,0.9442,,512,6.628517389297485,0.18514752388000488,6.813813209533691
000000190140,512,0,aniso_flanking,scharr,variance,wse,bilinear,spacing,none,additive,charbonnier,adamw,none,prune_residual_add,pyramid,strategy=aniso_flanking|tensor=scharr|density=variance|sampling=wse|color=bilinear|scale=spacing|renderer=additive|opacity=none|loss=charbonnier|optimizer=adamw|lr_schedule=none|refine=prune_residual_add|pyramid=pyramid,-5.2233,0.47961,0.51888,,576,0.0,4.794307231903076,4.794307231903076
000000190140,512,0,iso_blue_noise,scharr,variance,wse,two_sided,spacing,constant,additive,l1,adam,none,residual_add,single,strategy=iso_blue_noise|tensor=scharr|density=variance|sampling=wse|color=two_sided|scale=spacing|renderer=additive|opacity=constant|loss=l1|optimizer=adam|lr_schedule=none|refine=residual_add|pyramid=single,5.4864,0.54337,0.70005,,576,3.3029520511627197,0.17966055870056152,3.482732057571411
000000190140,512,0,iso_blue_noise,central,variance,wse,bilinear,uniform,none,additive,charbonnier,adam,none,none,single,strategy=iso_blue_noise|tensor=central|density=variance|sampling=wse|color=bilinear|scale=uniform|renderer=additive|opacity=none|loss=charbonnier|optimizer=adam|lr_schedule=none|refine=none|pyramid=single,7.6301,0.27374,0.36549,,512,3.346363067626953,0.14563870429992676,3.492112159729004
000000190140,512,0,aniso_flanking,scharr,hybrid,wse,bilinear,uniform,constant,normalized,l1,adamw,none,prune_residual_add,single,strategy=aniso_flanking|tensor=scharr|density=hybrid|sampling=wse|color=bilinear|scale=uniform|renderer=normalized|opacity=constant|loss=l1|optimizer=adamw|lr_schedule=none|refine=prune_residual_add|pyramid=single,20.8009,0.55477,0.85462,,576,6.452724933624268,0.30523133277893066,6.75809121131897
000000190140,512,0,iso_blue_noise,central,hybrid,jittered_grid,two_sided,uniform,constant,additive,l1,adamw,none,prune_residual_add,pyramid,strategy=iso_blue_noise|tensor=central|density=hybrid|sampling=jittered_grid|color=two_sided|scale=uniform|renderer=additive|opacity=constant|loss=l1|optimizer=adamw|lr_schedule=none|refine=prune_residual_add|pyramid=pyramid,-0.36,0.06039,0.09087,,576,0.0,0.19545578956604004,0.19545578956604004
000000190140,512,0,aniso_onedge,central,variance,density_random,bilinear,spacing,none,additive,l1,adam,none,none,single,strategy=aniso_onedge|tensor=central|density=variance|sampling=density_random|color=bilinear|scale=spacing|renderer=additive|opacity=none|loss=l1|optimizer=adam|lr_schedule=none|refine=none|pyramid=single,19.0807,0.5658,0.79558,,512,0.0033447742462158203,0.16259288787841797,0.16603636741638184
000000190140,512,0,iso_blue_noise,scharr,structure,jittered_grid,two_sided,spacing,none,normalized,charbonnier,adamw,none,none,single,strategy=iso_blue_noise|tensor=scharr|density=structure|sampling=jittered_grid|color=two_sided|scale=spacing|renderer=normalized|opacity=none|loss=charbonnier|optimizer=adamw|lr_schedule=none|refine=none|pyramid=single,20.6473,0.54563,0.852,,512,0.0021386146545410156,0.1554415225982666,0.15773296356201172
000000190140,512,0,aniso_onedge,central,hybrid,wse,local_mean,uniform,none,additive,charbonnier,adamw,none,residual_add,single,strategy=aniso_onedge|tensor=central|density=hybrid|sampling=wse|color=local_mean|scale=uniform|renderer=additive|opacity=none|loss=charbonnier|optimizer=adamw|lr_schedule=none|refine=residual_add|pyramid=single,-1.1758,0.38548,0.47074,,576,6.446015119552612,0.22863245010375977,6.674757242202759
000000190140,512,0,iso_blue_noise,scharr,structure,density_random,bilinear,uniform,none,normalized,charbonnier,adamw,cosine,residual_add,pyramid,strategy=iso_blue_noise|tensor=scharr|density=structure|sampling=density_random|color=bilinear|scale=uniform|renderer=normalized|opacity=none|loss=charbonnier|optimizer=adamw|lr_schedule=cosine|refine=residual_add|pyramid=pyramid,17.8972,0.39334,0.58832,,576,0.0,0.17703509330749512,0.17703509330749512
000000190140,512,0,iso_blue_noise,central,variance,jittered_grid,two_sided,spacing,constant,normalized,l1,adamw,cosine,none,single,strategy=iso_blue_noise|tensor=central|density=variance|sampling=jittered_grid|color=two_sided|scale=spacing|renderer=normalized|opacity=constant|loss=l1|optimizer=adamw|lr_schedule=cosine|refine=none|pyramid=single,20.2628,0.51243,0.82237,,512,0.002262115478515625,0.16929340362548828,0.17168188095092773
000000190140,512,0,iso_blue_noise,scharr,variance,wse,two_sided,spacing,none,additive,l1,adam,none,prune_residual_add,pyramid,strategy=iso_blue_noise|tensor=scharr|density=variance|sampling=wse|color=two_sided|scale=spacing|renderer=additive|opacity=none|loss=l1|optimizer=adam|lr_schedule=none|refine=prune_residual_add|pyramid=pyramid,6.408,0.43323,0.61868,,576,0.0,2.4070377349853516,2.4070377349853516
000000190140,512,0,aniso_flanking,scharr,hybrid,jittered_grid,local_mean,spacing,constant,additive,l1,adam,cosine,none,single,strategy=aniso_flanking|tensor=scharr|density=hybrid|sampling=jittered_grid|color=local_mean|scale=spacing|renderer=additive|opacity=constant|loss=l1|optimizer=adam|lr_schedule=cosine|refine=none|pyramid=single,7.7976,0.38687,0.53301,,512,0.0037953853607177734,0.1690974235534668,0.17301583290100098
000000190140,512,0,aniso_onedge,central,structure,jittered_grid,bilinear,spacing,none,normalized,l1,adamw,none,prune_residual_add,single,strategy=aniso_onedge|tensor=central|density=structure|sampling=jittered_grid|color=bilinear|scale=spacing|renderer=normalized|opacity=none|loss=l1|optimizer=adamw|lr_schedule=none|refine=prune_residual_add|pyramid=single,21.624,0.61159,0.89049,,576,0.0016028881072998047,0.19032955169677734,0.19200778007507324
000000190140,512,0,iso_blue_noise,central,hybrid,wse,bilinear,spacing,none,additive,charbonnier,adam,cosine,residual_add,single,strategy=iso_blue_noise|tensor=central|density=hybrid|sampling=wse|color=bilinear|scale=spacing|renderer=additive|opacity=none|loss=charbonnier|optimizer=adam|lr_schedule=cosine|refine=residual_add|pyramid=single,0.6089,0.51845,0.66722,,576,3.155176877975464,0.15523362159729004,3.3105335235595703
000000190140,512,0,iso_blue_noise,scharr,hybrid,density_random,local_mean,spacing,none,additive,l1,adam,cosine,prune_residual_add,pyramid,strategy=iso_blue_noise|tensor=scharr|density=hybrid|sampling=density_random|color=local_mean|scale=spacing|renderer=additive|opacity=none|loss=l1|optimizer=adam|lr_schedule=cosine|refine=prune_residual_add|pyramid=pyramid,-5.2256,0.28318,0.34105,,576,0.0,0.1703965663909912,0.1703965663909912
000000190140,512,0,aniso_onedge,central,structure,density_random,two_sided,spacing,constant,additive,charbonnier,adam,cosine,prune_residual_add,pyramid,strategy=aniso_onedge|tensor=central|density=structure|sampling=density_random|color=two_sided|scale=spacing|renderer=additive|opacity=constant|loss=charbonnier|optimizer=adam|lr_schedule=cosine|refine=prune_residual_add|pyramid=pyramid,3.2119,0.30501,0.40167,,576,0.0,0.20736217498779297,0.20736217498779297
000000190140,512,0,iso_blue_noise,central,structure,wse,bilinear,spacing,none,additive,l1,adam,cosine,none,single,strategy=iso_blue_noise|tensor=central|density=structure|sampling=wse|color=bilinear|scale=spacing|renderer=additive|opacity=none|loss=l1|optimizer=adam|lr_schedule=cosine|refine=none|pyramid=single,19.1458,0.49546,0.79712,,512,3.1934595108032227,0.1389627456665039,3.3325417041778564
000000190140,512,0,iso_blue_noise,central,hybrid,wse,local_mean,uniform,none,normalized,l1,adamw,none,prune_residual_add,pyramid,strategy=iso_blue_noise|tensor=central|density=hybrid|sampling=wse|color=local_mean|scale=uniform|renderer=normalized|opacity=none|loss=l1|optimizer=adamw|lr_schedule=none|refine=prune_residual_add|pyramid=pyramid,17.9018,0.40246,0.59863,,576,0.0,3.1691553592681885,3.1691553592681885
000000190140,512,0,iso_blue_noise,scharr,structure,jittered_grid,two_sided,spacing,none,normalized,l1,adamw,none,residual_add,single,strategy=iso_blue_noise|tensor=scharr|density=structure|sampling=jittered_grid|color=two_sided|scale=spacing|renderer=normalized|opacity=none|loss=l1|optimizer=adamw|lr_schedule=none|refine=residual_add|pyramid=single,20.7385,0.54405,0.85045,,576,0.001953125,0.16313433647155762,0.1652083396911621
000000190140,512,0,aniso_flanking,scharr,variance,jittered_grid,two_sided,spacing,constant,normalized,charbonnier,adamw,none,residual_add,single,strategy=aniso_flanking|tensor=scharr|density=variance|sampling=jittered_grid|color=two_sided|scale=spacing|renderer=normalized|opacity=constant|loss=charbonnier|optimizer=adamw|lr_schedule=none|refine=residual_add|pyramid=single,21.546,0.60274,0.88795,,576,0.002569437026977539,0.19233965873718262,0.19499826431274414
000000190140,512,0,aniso_flanking,scharr,structure,density_random,local_mean,uniform,none,additive,l1,adam,cosine,prune_residual_add,single,strategy=aniso_flanking|tensor=scharr|density=structure|sampling=density_random|color=local_mean|scale=uniform|renderer=additive|opacity=none|loss=l1|optimizer=adam|lr_schedule=cosine|refine=prune_residual_add|pyramid=single,-3.2729,0.29309,0.37914,,576,0.0026111602783203125,0.22169065475463867,0.22443485260009766
000000190140,512,0,iso_blue_noise,scharr,structure,wse,local_mean,spacing,none,normalized,charbonnier,adam,none,none,pyramid,strategy=iso_blue_noise|tensor=scharr|density=structure|sampling=wse|color=local_mean|scale=spacing|renderer=normalized|opacity=none|loss=charbonnier|optimizer=adam|lr_schedule=none|refine=none|pyramid=pyramid,21.2786,0.56143,0.87127,,512,0.0,2.6918890476226807,2.6918890476226807
000000190140,512,0,iso_blue_noise,scharr,hybrid,jittered_grid,two_sided,spacing,none,additive,l1,adamw,none,none,pyramid,strategy=iso_blue_noise|tensor=scharr|density=hybrid|sampling=jittered_grid|color=two_sided|scale=spacing|renderer=additive|opacity=none|loss=l1|optimizer=adamw|lr_schedule=none|refine=none|pyramid=pyramid,6.6695,0.19281,0.31016,,512,0.0,0.14872527122497559,0.14872527122497559
000000190140,512,0,aniso_flanking,central,hybrid,jittered_grid,two_sided,uniform,none,normalized,l1,adam,none,prune_residual_add,single,strategy=aniso_flanking|tensor=central|density=hybrid|sampling=jittered_grid|color=two_sided|scale=uniform|renderer=normalized|opacity=none|loss=l1|optimizer=adam|lr_schedule=none|refine=prune_residual_add|pyramid=single,20.7099,0.54295,0.84567,,576,0.003091573715209961,0.2824561595916748,0.28571176528930664
000000190140,512,0,iso_blue_noise,central,variance,jittered_grid,local_mean,uniform,constant,normalized,l1,adam,cosine,residual_add,single,strategy=iso_blue_noise|tensor=central|density=variance|sampling=jittered_grid|color=local_mean|scale=uniform|renderer=normalized|opacity=constant|loss=l1|optimizer=adam|lr_schedule=cosine|refine=residual_add|pyramid=single,19.7584,0.47111,0.77623,,576,0.00296783447265625,0.19686269760131836,0.1999683380126953
000000190140,512,0,aniso_onedge,central,structure,wse,bilinear,spacing,constant,normalized,charbonnier,adamw,none,residual_add,single,strategy=aniso_onedge|tensor=central|density=structure|sampling=wse|color=bilinear|scale=spacing|renderer=normalized|opacity=constant|loss=charbonnier|optimizer=adamw|lr_schedule=none|refine=residual_add|pyramid=single,24.6487,0.75444,0.94234,,576,6.329748868942261,0.209367036819458,6.539254903793335
000000190140,512,0,iso_blue_noise,scharr,variance,jittered_grid,two_sided,spacing,constant,additive,charbonnier,adam,none,residual_add,single,strategy=iso_blue_noise|tensor=scharr|density=variance|sampling=jittered_grid|color=two_sided|scale=spacing|renderer=additive|opacity=constant|loss=charbonnier|optimizer=adam|lr_schedule=none|refine=residual_add|pyramid=single,1.5355,0.49227,0.66348,,576,0.0028848648071289062,0.2154531478881836,0.21844792366027832
000000190140,512,0,aniso_flanking,central,variance,wse,bilinear,uniform,none,normalized,l1,adam,cosine,residual_add,single,strategy=aniso_flanking|tensor=central|density=variance|sampling=wse|color=bilinear|scale=uniform|renderer=normalized|opacity=none|loss=l1|optimizer=adam|lr_schedule=cosine|refine=residual_add|pyramid=single,20.5994,0.53547,0.83825,,576,5.882059335708618,0.2940094470977783,6.1762847900390625
000000190140,512,0,iso_blue_noise,central,variance,jittered_grid,bilinear,uniform,none,normalized,l1,adam,none,residual_add,pyramid,strategy=iso_blue_noise|tensor=central|density=variance|sampling=jittered_grid|color=bilinear|scale=uniform|renderer=normalized|opacity=none|loss=l1|optimizer=adam|lr_schedule=none|refine=residual_add|pyramid=pyramid,18.4576,0.41368,0.65178,,576,0.0,0.1812272071838379,0.1812272071838379
000000190140,512,0,iso_blue_noise,central,structure,jittered_grid,two_sided,spacing,none,normalized,l1,adamw,none,prune_residual_add,single,strategy=iso_blue_noise|tensor=central|density=structure|sampling=jittered_grid|color=two_sided|scale=spacing|renderer=normalized|opacity=none|loss=l1|optimizer=adamw|lr_schedule=none|refine=prune_residual_add|pyramid=single,20.7638,0.54435,0.85124,,576,0.001786947250366211,0.18130779266357422,0.18319368362426758
000000190140,512,0,iso_blue_noise,scharr,structure,wse,bilinear,spacing,none,additive,l1,adamw,none,residual_add,single,strategy=iso_blue_noise|tensor=scharr|density=structure|sampling=wse|color=bilinear|scale=spacing|renderer=additive|opacity=none|loss=l1|optimizer=adamw|lr_schedule=none|refine=residual_add|pyramid=single,-1.5842,0.5258,0.64576,,576,3.2036995887756348,0.18548083305358887,3.3892812728881836
000000190140,512,0,aniso_flanking,central,hybrid,density_random,bilinear,uniform,constant,normalized,charbonnier,adamw,cosine,residual_add,single,strategy=aniso_flanking|tensor=central|density=hybrid|sampling=density_random|color=bilinear|scale=uniform|renderer=normalized|opacity=constant|loss=charbonnier|optimizer=adamw|lr_schedule=cosine|refine=residual_add|pyramid=single,20.7799,0.54599,0.85006,,576,0.0035359859466552734,0.30878353118896484,0.3124725818634033
000000190140,512,0,aniso_flanking,scharr,hybrid,density_random,local_mean,spacing,constant,additive,charbonnier,adam,cosine,residual_add,single,strategy=aniso_flanking|tensor=scharr|density=hybrid|sampling=density_random|color=local_mean|scale=spacing|renderer=additive|opacity=constant|loss=charbonnier|optimizer=adam|lr_schedule=cosine|refine=residual_add|pyramid=single,5.9204,0.52401,0.63607,,576,0.0034952163696289062,0.19281387329101562,0.19643568992614746
000000190140,512,0,iso_blue_noise,scharr,hybrid,wse,local_mean,uniform,constant,additive,l1,adam,none,residual_add,single,strategy=iso_blue_noise|tensor=scharr|density=hybrid|sampling=wse|color=local_mean|scale=uniform|renderer=additive|opacity=constant|loss=l1|optimizer=adam|lr_schedule=none|refine=residual_add|pyramid=single,4.8084,0.35552,0.48801,,576,3.8885655403137207,0.21932554244995117,4.108051300048828
000000190140,512,0,aniso_onedge,central,variance,density_random,local_mean,spacing,none,additive,l1,adam,none,residual_add,pyramid,strategy=aniso_onedge|tensor=central|density=variance|sampling=density_random|color=local_mean|scale=spacing|renderer=additive|opacity=none|loss=l1|optimizer=adam|lr_schedule=none|refine=residual_add|pyramid=pyramid,-3.692,0.37644,0.50016,,576,0.0,0.19182205200195312,0.19182205200195312
000000190140,512,0,iso_blue_noise,scharr,variance,wse,two_sided,spacing,none,additive,l1,adamw,none,none,single,strategy=iso_blue_noise|tensor=scharr|density=variance|sampling=wse|color=two_sided|scale=spacing|renderer=additive|opacity=none|loss=l1|optimizer=adamw|lr_schedule=none|refine=none|pyramid=single,20.3318,0.54258,0.83215,,512,3.0534653663635254,0.1446995735168457,3.1982996463775635
000000190140,512,0,aniso_onedge,central,variance,density_random,bilinear,spacing,none,normalized,l1,adamw,none,none,single,strategy=aniso_onedge|tensor=central|density=variance|sampling=density_random|color=bilinear|scale=spacing|renderer=normalized|opacity=none|loss=l1|optimizer=adamw|lr_schedule=none|refine=none|pyramid=single,24.1655,0.74562,0.94028,,512,0.0026314258575439453,0.15388774871826172,0.15660715103149414
000000190140,512,0,aniso_flanking,central,variance,density_random,local_mean,spacing,none,additive,charbonnier,adamw,cosine,residual_add,pyramid,strategy=aniso_flanking|tensor=central|density=variance|sampling=density_random|color=local_mean|scale=spacing|renderer=additive|opacity=none|loss=charbonnier|optimizer=adamw|lr_schedule=cosine|refine=residual_add|pyramid=pyramid,-4.507,0.28092,0.3836,,576,0.0,0.20551228523254395,0.20551228523254395
000000190140,512,0,iso_blue_noise,central,variance,jittered_grid,local_mean,spacing,constant,normalized,charbonnier,adamw,cosine,none,single,strategy=iso_blue_noise|tensor=central|density=variance|sampling=jittered_grid|color=local_mean|scale=spacing|renderer=normalized|opacity=constant|loss=charbonnier|optimizer=adamw|lr_schedule=cosine|refine=none|pyramid=single,20.2547,0.51177,0.82172,,512,0.0034465789794921875,0.16238021850585938,0.16596150398254395
000000190140,512,0,aniso_onedge,scharr,structure,wse,two_sided,spacing,none,normalized,l1,adam,cosine,residual_add,pyramid,strategy=aniso_onedge|tensor=scharr|density=structure|sampling=wse|color=two_sided|scale=spacing|renderer=normalized|opacity=none|loss=l1|optimizer=adam|lr_schedule=cosine|refine=residual_add|pyramid=pyramid,21.5842,0.60595,0.87179,,576,0.0,5.223161220550537,5.223161220550537
000000190140,512,0,aniso_flanking,central,variance,wse,two_sided,spacing,none,additive,l1,adamw,none,none,single,strategy=aniso_flanking|tensor=central|density=variance|sampling=wse|color=two_sided|scale=spacing|renderer=additive|opacity=none|loss=l1|optimizer=adamw|lr_schedule=none|refine=none|pyramid=single,20.7965,0.61754,0.85263,,512,5.950999021530151,0.15282440185546875,6.103923320770264
000000190140,512,0,aniso_flanking,central,variance,jittered_grid,two_sided,spacing,none,additive,l1,adamw,none,prune_residual_add,pyramid,strategy=aniso_flanking|tensor=central|density=variance|sampling=jittered_grid|color=two_sided|scale=spacing|renderer=additive|opacity=none|loss=l1|optimizer=adamw|lr_schedule=none|refine=prune_residual_add|pyramid=pyramid,2.2543,0.17336,0.2605,,576,0.0,0.2100377082824707,0.2100377082824707
000000190140,512,0,iso_blue_noise,scharr,hybrid,density_random,bilinear,spacing,none,normalized,l1,adamw,none,prune_residual_add,pyramid,strategy=iso_blue_noise|tensor=scharr|density=hybrid|sampling=density_random|color=bilinear|scale=spacing|renderer=normalized|opacity=none|loss=l1|optimizer=adamw|lr_schedule=none|refine=prune_residual_add|pyramid=pyramid,20.6287,0.53011,0.83609,,576,0.0,0.17177581787109375,0.17177581787109375
000000190140,512,0,aniso_onedge,scharr,variance,wse,two_sided,spacing,constant,normalized,l1,adam,none,residual_add,single,strategy=aniso_onedge|tensor=scharr|density=variance|sampling=wse|color=two_sided|scale=spacing|renderer=normalized|opacity=constant|loss=l1|optimizer=adam|lr_schedule=none|refine=residual_add|pyramid=single,24.4525,0.75307,0.94017,,576,6.315902233123779,0.22665715217590332,6.5427045822143555
000000190140,512,0,iso_blue_noise,central,hybrid,density_random,local_mean,spacing,constant,normalized,charbonnier,adam,none,prune_residual_add,single,strategy=iso_blue_noise|tensor=central|density=hybrid|sampling=density_random|color=local_mean|scale=spacing|renderer=normalized|opacity=constant|loss=charbonnier|optimizer=adam|lr_schedule=none|refine=prune_residual_add|pyramid=single,22.0515,0.6206,0.90092,,576,0.004031181335449219,0.21916508674621582,0.22332262992858887
000000190140,512,0,aniso_onedge,scharr,variance,density_random,two_sided,spacing,constant,additive,l1,adam,cosine,residual_add,single,strategy=aniso_onedge|tensor=scharr|density=variance|sampling=density_random|color=two_sided|scale=spacing|renderer=additive|opacity=constant|loss=l1|optimizer=adam|lr_schedule=cosine|refine=residual_add|pyramid=single,6.569,0.55173,0.68382,,576,0.0029129981994628906,0.21573805809020996,0.21878767013549805
000000190140,512,0,iso_blue_noise,central,hybrid,density_random,bilinear,spacing,constant,additive,l1,adamw,cosine,prune_residual_add,pyramid,strategy=iso_blue_noise|tensor=central|density=hybrid|sampling=density_random|color=bilinear|scale=spacing|renderer=additive|opacity=constant|loss=l1|optimizer=adamw|lr_schedule=cosine|refine=prune_residual_add|pyramid=pyramid,2.6302,0.30692,0.40272,,576,0.0,0.20331263542175293,0.20331263542175293
000000444879,512,0,aniso_flanking,central,structure,wse,bilinear,spacing,none,normalized,charbonnier,adam,none,residual_add,single,strategy=aniso_flanking|tensor=central|density=structure|sampling=wse|color=bilinear|scale=spacing|renderer=normalized|opacity=none|loss=charbonnier|optimizer=adam|lr_schedule=none|refine=residual_add|pyramid=single,21.7159,0.78946,0.94596,,576,5.431084394454956,0.21294903755187988,5.644168138504028
000000444879,512,0,aniso_flanking,central,variance,density_random,bilinear,uniform,constant,normalized,l1,adamw,none,prune_residual_add,single,strategy=aniso_flanking|tensor=central|density=variance|sampling=density_random|color=bilinear|scale=uniform|renderer=normalized|opacity=constant|loss=l1|optimizer=adamw|lr_schedule=none|refine=prune_residual_add|pyramid=single,18.3902,0.62043,0.87561,,576,0.0029497146606445312,0.3689913749694824,0.372164249420166
000000444879,512,0,aniso_flanking,scharr,structure,density_random,local_mean,spacing,constant,normalized,charbonnier,adamw,cosine,none,pyramid,strategy=aniso_flanking|tensor=scharr|density=structure|sampling=density_random|color=local_mean|scale=spacing|renderer=normalized|opacity=constant|loss=charbonnier|optimizer=adamw|lr_schedule=cosine|refine=none|pyramid=pyramid,19.2627,0.66753,0.90348,,512,0.0,0.2986302375793457,0.2986302375793457
000000444879,512,0,aniso_onedge,scharr,hybrid,jittered_grid,local_mean,spacing,none,additive,l1,adam,none,none,single,strategy=aniso_onedge|tensor=scharr|density=hybrid|sampling=jittered_grid|color=local_mean|scale=spacing|renderer=additive|opacity=none|loss=l1|optimizer=adam|lr_schedule=none|refine=none|pyramid=single,-1.1308,0.25845,0.42752,,512,0.003873109817504883,0.18206214904785156,0.18602800369262695
000000444879,512,0,aniso_flanking,scharr,hybrid,density_random,bilinear,uniform,constant,additive,charbonnier,adam,cosine,residual_add,pyramid,strategy=aniso_flanking|tensor=scharr|density=hybrid|sampling=density_random|color=bilinear|scale=uniform|renderer=additive|opacity=constant|loss=charbonnier|optimizer=adam|lr_schedule=cosine|refine=residual_add|pyramid=pyramid,-21.3838,0.02934,0.02942,,576,0.0,0.5687816143035889,0.5687816143035889
000000444879,512,0,aniso_flanking,central,hybrid,jittered_grid,local_mean,spacing,constant,additive,l1,adamw,cosine,prune_residual_add,single,strategy=aniso_flanking|tensor=central|density=hybrid|sampling=jittered_grid|color=local_mean|scale=spacing|renderer=additive|opacity=constant|loss=l1|optimizer=adamw|lr_schedule=cosine|refine=prune_residual_add|pyramid=single,-5.4838,0.27119,0.4232,,576,0.004743337631225586,0.22632193565368652,0.23124933242797852
000000444879,512,0,iso_blue_noise,central,variance,jittered_grid,local_mean,uniform,none,additive,charbonnier,adamw,none,prune_residual_add,single,strategy=iso_blue_noise|tensor=central|density=variance|sampling=jittered_grid|color=local_mean|scale=uniform|renderer=additive|opacity=none|loss=charbonnier|optimizer=adamw|lr_schedule=none|refine=prune_residual_add|pyramid=single,-12.3601,0.13829,0.21425,,576,0.002926349639892578,0.21555614471435547,0.21859097480773926
000000444879,512,0,aniso_flanking,central,variance,wse,local_mean,uniform,none,normalized,l1,adamw,cosine,none,single,strategy=aniso_flanking|tensor=central|density=variance|sampling=wse|color=local_mean|scale=uniform|renderer=normalized|opacity=none|loss=l1|optimizer=adamw|lr_schedule=cosine|refine=none|pyramid=single,17.5225,0.56838,0.82422,,512,4.752892971038818,0.3072671890258789,5.060314416885376
000000444879,512,0,iso_blue_noise,central,hybrid,wse,bilinear,uniform,constant,normalized,l1,adamw,cosine,residual_add,single,strategy=iso_blue_noise|tensor=central|density=hybrid|sampling=wse|color=bilinear|scale=uniform|renderer=normalized|opacity=constant|loss=l1|optimizer=adamw|lr_schedule=cosine|refine=residual_add|pyramid=single,16.7182,0.52246,0.75924,,576,2.726069927215576,0.19699835777282715,2.923222780227661
000000444879,512,0,aniso_flanking,central,variance,density_random,local_mean,spacing,none,normalized,charbonnier,adam,cosine,residual_add,single,strategy=aniso_flanking|tensor=central|density=variance|sampling=density_random|color=local_mean|scale=spacing|renderer=normalized|opacity=none|loss=charbonnier|optimizer=adam|lr_schedule=cosine|refine=residual_add|pyramid=single,19.8243,0.73373,0.91433,,576,0.0031371116638183594,0.1744217872619629,0.17764854431152344
000000444879,512,0,aniso_flanking,scharr,variance,jittered_grid,local_mean,uniform,none,additive,charbonnier,adam,cosine,none,pyramid,strategy=aniso_flanking|tensor=scharr|density=variance|sampling=jittered_grid|color=local_mean|scale=uniform|renderer=additive|opacity=none|loss=charbonnier|optimizer=adam|lr_schedule=cosine|refine=none|pyramid=pyramid,-20.2627,0.01677,0.01754,,512,0.0,0.47308349609375,0.47308349609375
000000444879,512,0,iso_blue_noise,central,hybrid,density_random,two_sided,uniform,none,additive,charbonnier,adamw,cosine,residual_add,single,strategy=iso_blue_noise|tensor=central|density=hybrid|sampling=density_random|color=two_sided|scale=uniform|renderer=additive|opacity=none|loss=charbonnier|optimizer=adamw|lr_schedule=cosine|refine=residual_add|pyramid=single,-10.3651,0.12107,0.1626,,576,0.0046956539154052734,0.16388988494873047,0.16885995864868164
000000444879,512,0,aniso_flanking,central,structure,wse,bilinear,uniform,none,additive,charbonnier,adamw,cosine,none,pyramid,strategy=aniso_flanking|tensor=central|density=structure|sampling=wse|color=bilinear|scale=uniform|renderer=additive|opacity=none|loss=charbonnier|optimizer=adamw|lr_schedule=cosine|refine=none|pyramid=pyramid,-18.2624,0.0204,0.02045,,512,0.0,5.377422094345093,5.377422094345093
000000444879,512,0,iso_blue_noise,central,structure,density_random,bilinear,uniform,constant,normalized,charbonnier,adam,none,residual_add,single,strategy=iso_blue_noise|tensor=central|density=structure|sampling=density_random|color=bilinear|scale=uniform|renderer=normalized|opacity=constant|loss=charbonnier|optimizer=adam|lr_schedule=none|refine=residual_add|pyramid=single,16.9939,0.5343,0.77999,,576,0.0024881362915039062,0.1826479434967041,0.18525218963623047
000000444879,512,0,aniso_flanking,central,variance,jittered_grid,local_mean,spacing,constant,normalized,charbonnier,adamw,none,none,pyramid,strategy=aniso_flanking|tensor=central|density=variance|sampling=jittered_grid|color=local_mean|scale=spacing|renderer=normalized|opacity=constant|loss=charbonnier|optimizer=adamw|lr_schedule=none|refine=none|pyramid=pyramid,18.0324,0.6078,0.86346,,512,0.0,0.3328261375427246,0.3328261375427246
000000444879,512,0,aniso_flanking,scharr,hybrid,wse,two_sided,spacing,none,normalized,l1,adam,cosine,residual_add,single,strategy=aniso_flanking|tensor=scharr|density=hybrid|sampling=wse|color=two_sided|scale=spacing|renderer=normalized|opacity=none|loss=l1|optimizer=adam|lr_schedule=cosine|refine=residual_add|pyramid=single,20.4614,0.73213,0.92281,,576,5.288530111312866,0.18979597091674805,5.478474855422974
000000444879,512,0,aniso_flanking,central,hybrid,wse,bilinear,spacing,none,normalized,l1,adamw,none,none,single,strategy=aniso_flanking|tensor=central|density=hybrid|sampling=wse|color=bilinear|scale=spacing|renderer=normalized|opacity=none|loss=l1|optimizer=adamw|lr_schedule=none|refine=none|pyramid=single,23.6593,0.81549,0.96266,,512,5.194216012954712,0.1860055923461914,5.380324602127075
000000444879,512,0,aniso_flanking,scharr,variance,wse,bilinear,spacing,none,additive,charbonnier,adamw,none,prune_residual_add,pyramid,strategy=aniso_flanking|tensor=scharr|density=variance|sampling=wse|color=bilinear|scale=spacing|renderer=additive|opacity=none|loss=charbonnier|optimizer=adamw|lr_schedule=none|refine=prune_residual_add|pyramid=pyramid,-5.126,0.27949,0.44139,,576,0.0,3.3375957012176514,3.3375957012176514
000000444879,512,0,iso_blue_noise,scharr,variance,wse,two_sided,spacing,constant,additive,l1,adam,none,residual_add,single,strategy=iso_blue_noise|tensor=scharr|density=variance|sampling=wse|color=two_sided|scale=spacing|renderer=additive|opacity=constant|loss=l1|optimizer=adam|lr_schedule=none|refine=residual_add|pyramid=single,-1.065,0.39389,0.63246,,576,2.4229936599731445,0.17093372344970703,2.594046115875244
000000444879,512,0,iso_blue_noise,central,variance,wse,bilinear,uniform,none,additive,charbonnier,adam,none,none,single,strategy=iso_blue_noise|tensor=central|density=variance|sampling=wse|color=bilinear|scale=uniform|renderer=additive|opacity=none|loss=charbonnier|optimizer=adam|lr_schedule=none|refine=none|pyramid=single,0.0292,0.2057,0.277,,512,2.289590835571289,0.14992094039916992,2.4396066665649414
000000444879,512,0,aniso_flanking,scharr,hybrid,wse,bilinear,uniform,constant,normalized,l1,adamw,none,prune_residual_add,single,strategy=aniso_flanking|tensor=scharr|density=hybrid|sampling=wse|color=bilinear|scale=uniform|renderer=normalized|opacity=constant|loss=l1|optimizer=adamw|lr_schedule=none|refine=prune_residual_add|pyramid=single,18.3963,0.619,0.87589,,576,5.313827276229858,0.3637268543243408,5.67774510383606
000000444879,512,0,iso_blue_noise,central,hybrid,jittered_grid,two_sided,uniform,constant,additive,l1,adamw,none,prune_residual_add,pyramid,strategy=iso_blue_noise|tensor=central|density=hybrid|sampling=jittered_grid|color=two_sided|scale=uniform|renderer=additive|opacity=constant|loss=l1|optimizer=adamw|lr_schedule=none|refine=prune_residual_add|pyramid=pyramid,-17.0545,0.04384,0.06033,,576,0.0,0.17325353622436523,0.17325353622436523
000000444879,512,0,aniso_onedge,central,variance,density_random,bilinear,spacing,none,additive,l1,adam,none,none,single,strategy=aniso_onedge|tensor=central|density=variance|sampling=density_random|color=bilinear|scale=spacing|renderer=additive|opacity=none|loss=l1|optimizer=adam|lr_schedule=none|refine=none|pyramid=single,8.9675,0.37719,0.57865,,512,0.005443096160888672,0.1452922821044922,0.1508340835571289
000000444879,512,0,iso_blue_noise,scharr,structure,jittered_grid,two_sided,spacing,none,normalized,charbonnier,adamw,none,none,single,strategy=iso_blue_noise|tensor=scharr|density=structure|sampling=jittered_grid|color=two_sided|scale=spacing|renderer=normalized|opacity=none|loss=charbonnier|optimizer=adamw|lr_schedule=none|refine=none|pyramid=single,17.8364,0.59986,0.85826,,512,0.0018711090087890625,0.1515202522277832,0.15348029136657715
000000444879,512,0,aniso_onedge,central,hybrid,wse,local_mean,uniform,none,additive,charbonnier,adamw,none,residual_add,single,strategy=aniso_onedge|tensor=central|density=hybrid|sampling=wse|color=local_mean|scale=uniform|renderer=additive|opacity=none|loss=charbonnier|optimizer=adamw|lr_schedule=none|refine=residual_add|pyramid=single,-7.6178,0.16483,0.19899,,576,5.123768091201782,0.25188159942626953,5.375794172286987
000000444879,512,0,iso_blue_noise,scharr,structure,density_random,bilinear,uniform,none,normalized,charbonnier,adamw,cosine,residual_add,pyramid,strategy=iso_blue_noise|tensor=scharr|density=structure|sampling=density_random|color=bilinear|scale=uniform|renderer=normalized|opacity=none|loss=charbonnier|optimizer=adamw|lr_schedule=cosine|refine=residual_add|pyramid=pyramid,16.039,0.46893,0.66258,,576,0.0,0.20241832733154297,0.20241832733154297
000000444879,512,0,iso_blue_noise,central,variance,jittered_grid,two_sided,spacing,constant,normalized,l1,adamw,cosine,none,single,strategy=iso_blue_noise|tensor=central|density=variance|sampling=jittered_grid|color=two_sided|scale=spacing|renderer=normalized|opacity=constant|loss=l1|optimizer=adamw|lr_schedule=cosine|refine=none|pyramid=single,17.5037,0.573,0.82942,,512,0.0041332244873046875,0.17592382431030273,0.18023109436035156
000000444879,512,0,iso_blue_noise,scharr,variance,wse,two_sided,spacing,none,additive,l1,adam,none,prune_residual_add,pyramid,strategy=iso_blue_noise|tensor=scharr|density=variance|sampling=wse|color=two_sided|scale=spacing|renderer=additive|opacity=none|loss=l1|optimizer=adam|lr_schedule=none|refine=prune_residual_add|pyramid=pyramid,-1.1616,0.24653,0.42877,,576,0.0,1.508725881576538,1.508725881576538
000000444879,512,0,aniso_flanking,scharr,hybrid,jittered_grid,local_mean,spacing,constant,additive,l1,adam,cosine,none,single,strategy=aniso_flanking|tensor=scharr|density=hybrid|sampling=jittered_grid|color=local_mean|scale=spacing|renderer=additive|opacity=constant|loss=l1|optimizer=adam|lr_schedule=cosine|refine=none|pyramid=single,-5.043,0.17533,0.26927,,512,0.006097078323364258,0.15502524375915527,0.161268949508667
000000444879,512,0,aniso_onedge,central,structure,jittered_grid,bilinear,spacing,none,normalized,l1,adamw,none,prune_residual_add,single,strategy=aniso_onedge|tensor=central|density=structure|sampling=jittered_grid|color=bilinear|scale=spacing|renderer=normalized|opacity=none|loss=l1|optimizer=adamw|lr_schedule=none|refine=prune_residual_add|pyramid=single,19.0985,0.68021,0.91155,,576,0.0024995803833007812,0.1906414031982422,0.19326019287109375
000000444879,512,0,iso_blue_noise,central,hybrid,wse,bilinear,spacing,none,additive,charbonnier,adam,cosine,residual_add,single,strategy=iso_blue_noise|tensor=central|density=hybrid|sampling=wse|color=bilinear|scale=spacing|renderer=additive|opacity=none|loss=charbonnier|optimizer=adam|lr_schedule=cosine|refine=residual_add|pyramid=single,-6.795,0.33645,0.51581,,576,2.6326406002044678,0.1593489646911621,2.79215669631958
000000444879,512,0,iso_blue_noise,scharr,hybrid,density_random,local_mean,spacing,none,additive,l1,adam,cosine,prune_residual_add,pyramid,strategy=iso_blue_noise|tensor=scharr|density=hybrid|sampling=density_random|color=local_mean|scale=spacing|renderer=additive|opacity=none|loss=l1|optimizer=adam|lr_schedule=cosine|refine=prune_residual_add|pyramid=pyramid,-10.7466,0.15532,0.23905,,576,0.0,0.1785435676574707,0.1785435676574707
000000444879,512,0,aniso_onedge,central,structure,density_random,two_sided,spacing,constant,additive,charbonnier,adam,cosine,prune_residual_add,pyramid,strategy=aniso_onedge|tensor=central|density=structure|sampling=density_random|color=two_sided|scale=spacing|renderer=additive|opacity=constant|loss=charbonnier|optimizer=adam|lr_schedule=cosine|refine=prune_residual_add|pyramid=pyramid,-6.2616,0.1742,0.27986,,576,0.0,0.21936750411987305,0.21936750411987305
000000444879,512,0,iso_blue_noise,central,structure,wse,bilinear,spacing,none,additive,l1,adam,cosine,none,single,strategy=iso_blue_noise|tensor=central|density=structure|sampling=wse|color=bilinear|scale=spacing|renderer=additive|opacity=none|loss=l1|optimizer=adam|lr_schedule=cosine|refine=none|pyramid=single,10.8869,0.29442,0.5756,,512,2.812285900115967,0.14067864418029785,2.9530816078186035
000000444879,512,0,iso_blue_noise,central,hybrid,wse,local_mean,uniform,none,normalized,l1,adamw,none,prune_residual_add,pyramid,strategy=iso_blue_noise|tensor=central|density=hybrid|sampling=wse|color=local_mean|scale=uniform|renderer=normalized|opacity=none|loss=l1|optimizer=adamw|lr_schedule=none|refine=prune_residual_add|pyramid=pyramid,16.1361,0.49291,0.70011,,576,0.0,1.7843492031097412,1.7843492031097412
000000444879,512,0,iso_blue_noise,scharr,structure,jittered_grid,two_sided,spacing,none,normalized,l1,adamw,none,residual_add,single,strategy=iso_blue_noise|tensor=scharr|density=structure|sampling=jittered_grid|color=two_sided|scale=spacing|renderer=normalized|opacity=none|loss=l1|optimizer=adamw|lr_schedule=none|refine=residual_add|pyramid=single,18.0147,0.5801,0.8544,,576,0.0028662681579589844,0.18439340591430664,0.1873621940612793
000000444879,512,0,aniso_flanking,scharr,variance,jittered_grid,two_sided,spacing,constant,normalized,charbonnier,adamw,none,residual_add,single,strategy=aniso_flanking|tensor=scharr|density=variance|sampling=jittered_grid|color=two_sided|scale=spacing|renderer=normalized|opacity=constant|loss=charbonnier|optimizer=adamw|lr_schedule=none|refine=residual_add|pyramid=single,19.0002,0.66837,0.90807,,576,0.0033359527587890625,0.2056593894958496,0.20916366577148438
000000444879,512,0,aniso_flanking,scharr,structure,density_random,local_mean,uniform,none,additive,l1,adam,cosine,prune_residual_add,single,strategy=aniso_flanking|tensor=scharr|density=structure|sampling=density_random|color=local_mean|scale=uniform|renderer=additive|opacity=none|loss=l1|optimizer=adam|lr_schedule=cosine|refine=prune_residual_add|pyramid=single,-8.5149,0.10815,0.1269,,576,0.003165721893310547,0.2422938346862793,0.24558234214782715
000000444879,512,0,iso_blue_noise,scharr,structure,wse,local_mean,spacing,none,normalized,charbonnier,adam,none,none,pyramid,strategy=iso_blue_noise|tensor=scharr|density=structure|sampling=wse|color=local_mean|scale=spacing|renderer=normalized|opacity=none|loss=charbonnier|optimizer=adam|lr_schedule=none|refine=none|pyramid=pyramid,18.2895,0.61723,0.87319,,512,0.0,1.7406461238861084,1.7406461238861084
000000444879,512,0,iso_blue_noise,scharr,hybrid,jittered_grid,two_sided,spacing,none,additive,l1,adamw,none,none,pyramid,strategy=iso_blue_noise|tensor=scharr|density=hybrid|sampling=jittered_grid|color=two_sided|scale=spacing|renderer=additive|opacity=none|loss=l1|optimizer=adamw|lr_schedule=none|refine=none|pyramid=pyramid,-10.9323,0.07997,0.12639,,512,0.0,0.15048766136169434,0.15048766136169434
000000444879,512,0,aniso_flanking,central,hybrid,jittered_grid,two_sided,uniform,none,normalized,l1,adam,none,prune_residual_add,single,strategy=aniso_flanking|tensor=central|density=hybrid|sampling=jittered_grid|color=two_sided|scale=uniform|renderer=normalized|opacity=none|loss=l1|optimizer=adam|lr_schedule=none|refine=prune_residual_add|pyramid=single,18.3528,0.61135,0.8709,,576,0.0034444332122802734,0.3191721439361572,0.3228640556335449
000000444879,512,0,iso_blue_noise,central,variance,jittered_grid,local_mean,uniform,constant,normalized,l1,adam,cosine,residual_add,single,strategy=iso_blue_noise|tensor=central|density=variance|sampling=jittered_grid|color=local_mean|scale=uniform|renderer=normalized|opacity=constant|loss=l1|optimizer=adam|lr_schedule=cosine|refine=residual_add|pyramid=single,17.311,0.54289,0.7965,,576,0.004274606704711914,0.16860485076904297,0.17300963401794434
000000444879,512,0,aniso_onedge,central,structure,wse,bilinear,spacing,constant,normalized,charbonnier,adamw,none,residual_add,single,strategy=aniso_onedge|tensor=central|density=structure|sampling=wse|color=bilinear|scale=spacing|renderer=normalized|opacity=constant|loss=charbonnier|optimizer=adamw|lr_schedule=none|refine=residual_add|pyramid=single,23.1534,0.81191,0.9606,,576,5.335288763046265,0.18699955940246582,5.5224449634552
000000444879,512,0,iso_blue_noise,scharr,variance,jittered_grid,two_sided,spacing,constant,additive,charbonnier,adam,none,residual_add,single,strategy=iso_blue_noise|tensor=scharr|density=variance|sampling=jittered_grid|color=two_sided|scale=spacing|renderer=additive|opacity=constant|loss=charbonnier|optimizer=adam|lr_schedule=none|refine=residual_add|pyramid=single,-4.1947,0.26441,0.44189,,576,0.003113985061645508,0.16320443153381348,0.16643595695495605
000000444879,512,0,aniso_flanking,central,variance,wse,bilinear,uniform,none,normalized,l1,adam,cosine,residual_add,single,strategy=aniso_flanking|tensor=central|density=variance|sampling=wse|color=bilinear|scale=uniform|renderer=normalized|opacity=none|loss=l1|optimizer=adam|lr_schedule=cosine|refine=residual_add|pyramid=single,18.1732,0.60354,0.86291,,576,4.735438108444214,0.3622908592224121,5.097899436950684
000000444879,512,0,iso_blue_noise,central,variance,jittered_grid,bilinear,uniform,none,normalized,l1,adam,none,residual_add,pyramid,strategy=iso_blue_noise|tensor=central|density=variance|sampling=jittered_grid|color=bilinear|scale=uniform|renderer=normalized|opacity=none|loss=l1|optimizer=adam|lr_schedule=none|refine=residual_add|pyramid=pyramid,16.2866,0.50717,0.72252,,576,0.0,0.17714786529541016,0.17714786529541016
000000444879,512,0,iso_blue_noise,central,structure,jittered_grid,two_sided,spacing,none,normalized,l1,adamw,none,prune_residual_add,single,strategy=iso_blue_noise|tensor=central|density=structure|sampling=jittered_grid|color=two_sided|scale=spacing|renderer=normalized|opacity=none|loss=l1|optimizer=adamw|lr_schedule=none|refine=prune_residual_add|pyramid=single,17.9941,0.57896,0.85327,,576,0.0021626949310302734,0.1709737777709961,0.17325901985168457
000000444879,512,0,iso_blue_noise,scharr,structure,wse,bilinear,spacing,none,additive,l1,adamw,none,residual_add,single,strategy=iso_blue_noise|tensor=scharr|density=structure|sampling=wse|color=bilinear|scale=spacing|renderer=additive|opacity=none|loss=l1|optimizer=adamw|lr_schedule=none|refine=residual_add|pyramid=single,-7.9351,0.37453,0.54201,,576,2.9035420417785645,0.16271018981933594,3.066352605819702
000000444879,512,0,aniso_flanking,central,hybrid,density_random,bilinear,uniform,constant,normalized,charbonnier,adamw,cosine,residual_add,single,strategy=aniso_flanking|tensor=central|density=hybrid|sampling=density_random|color=bilinear|scale=uniform|renderer=normalized|opacity=constant|loss=charbonnier|optimizer=adamw|lr_schedule=cosine|refine=residual_add|pyramid=single,18.2973,0.61132,0.86644,,576,0.003097057342529297,0.34281039237976074,0.3460397720336914
000000444879,512,0,aniso_flanking,scharr,hybrid,density_random,local_mean,spacing,constant,additive,charbonnier,adam,cosine,residual_add,single,strategy=aniso_flanking|tensor=scharr|density=hybrid|sampling=density_random|color=local_mean|scale=spacing|renderer=additive|opacity=constant|loss=charbonnier|optimizer=adam|lr_schedule=cosine|refine=residual_add|pyramid=single,-0.2182,0.36899,0.55899,,576,0.003657817840576172,0.18184566497802734,0.18563342094421387
000000444879,512,0,iso_blue_noise,scharr,hybrid,wse,local_mean,uniform,constant,additive,l1,adam,none,residual_add,single,strategy=iso_blue_noise|tensor=scharr|density=hybrid|sampling=wse|color=local_mean|scale=uniform|renderer=additive|opacity=constant|loss=l1|optimizer=adam|lr_schedule=none|refine=residual_add|pyramid=single,0.4182,0.207,0.29339,,576,2.6613082885742188,0.18575048446655273,2.8471975326538086
000000444879,512,0,aniso_onedge,central,variance,density_random,local_mean,spacing,none,additive,l1,adam,none,residual_add,pyramid,strategy=aniso_onedge|tensor=central|density=variance|sampling=density_random|color=local_mean|scale=spacing|renderer=additive|opacity=none|loss=l1|optimizer=adam|lr_schedule=none|refine=residual_add|pyramid=pyramid,-9.7795,0.2552,0.41115,,576,0.0,0.23880887031555176,0.23880887031555176
000000444879,512,0,iso_blue_noise,scharr,variance,wse,two_sided,spacing,none,additive,l1,adamw,none,none,single,strategy=iso_blue_noise|tensor=scharr|density=variance|sampling=wse|color=two_sided|scale=spacing|renderer=additive|opacity=none|loss=l1|optimizer=adamw|lr_schedule=none|refine=none|pyramid=single,13.0714,0.35674,0.63165,,512,2.369417667388916,0.1505582332611084,2.5200774669647217
000000444879,512,0,aniso_onedge,central,variance,density_random,bilinear,spacing,none,normalized,l1,adamw,none,none,single,strategy=aniso_onedge|tensor=central|density=variance|sampling=density_random|color=bilinear|scale=spacing|renderer=normalized|opacity=none|loss=l1|optimizer=adamw|lr_schedule=none|refine=none|pyramid=single,23.5655,0.81634,0.96345,,512,0.0037491321563720703,0.17332029342651367,0.17717218399047852
000000444879,512,0,aniso_flanking,central,variance,density_random,local_mean,spacing,none,additive,charbonnier,adamw,cosine,residual_add,pyramid,strategy=aniso_flanking|tensor=central|density=variance|sampling=density_random|color=local_mean|scale=spacing|renderer=additive|opacity=none|loss=charbonnier|optimizer=adamw|lr_schedule=cosine|refine=residual_add|pyramid=pyramid,-11.8783,0.15504,0.25944,,576,0.0,0.2279808521270752,0.2279808521270752
000000444879,512,0,iso_blue_noise,central,variance,jittered_grid,local_mean,spacing,constant,normalized,charbonnier,adamw,cosine,none,single,strategy=iso_blue_noise|tensor=central|density=variance|sampling=jittered_grid|color=local_mean|scale=spacing|renderer=normalized|opacity=constant|loss=charbonnier|optimizer=adamw|lr_schedule=cosine|refine=none|pyramid=single,17.4881,0.57365,0.83074,,512,0.002660989761352539,0.15729880332946777,0.160064697265625
000000444879,512,0,aniso_onedge,scharr,structure,wse,two_sided,spacing,none,normalized,l1,adam,cosine,residual_add,pyramid,strategy=aniso_onedge|tensor=scharr|density=structure|sampling=wse|color=two_sided|scale=spacing|renderer=normalized|opacity=none|loss=l1|optimizer=adam|lr_schedule=cosine|refine=residual_add|pyramid=pyramid,19.2043,0.67723,0.90727,,576,0.0,3.806666851043701,3.806666851043701
000000444879,512,0,aniso_flanking,central,variance,wse,two_sided,spacing,none,additive,l1,adamw,none,none,single,strategy=aniso_flanking|tensor=central|density=variance|sampling=wse|color=two_sided|scale=spacing|renderer=additive|opacity=none|loss=l1|optimizer=adamw|lr_schedule=none|refine=none|pyramid=single,13.0324,0.41277,0.66683,,512,4.684097528457642,0.14266300201416016,4.8268842697143555
000000444879,512,0,aniso_flanking,central,variance,jittered_grid,two_sided,spacing,none,additive,l1,adamw,none,prune_residual_add,pyramid,strategy=aniso_flanking|tensor=central|density=variance|sampling=jittered_grid|color=two_sided|scale=spacing|renderer=additive|opacity=none|loss=l1|optimizer=adamw|lr_schedule=none|refine=prune_residual_add|pyramid=pyramid,-13.1824,0.06674,0.10764,,576,0.0,0.2330477237701416,0.2330477237701416
000000444879,512,0,iso_blue_noise,scharr,hybrid,density_random,bilinear,spacing,none,normalized,l1,adamw,none,prune_residual_add,pyramid,strategy=iso_blue_noise|tensor=scharr|density=hybrid|sampling=density_random|color=bilinear|scale=spacing|renderer=normalized|opacity=none|loss=l1|optimizer=adamw|lr_schedule=none|refine=prune_residual_add|pyramid=pyramid,18.084,0.57571,0.85055,,576,0.0,0.18052363395690918,0.18052363395690918
000000444879,512,0,aniso_onedge,scharr,variance,wse,two_sided,spacing,constant,normalized,l1,adam,none,residual_add,single,strategy=aniso_onedge|tensor=scharr|density=variance|sampling=wse|color=two_sided|scale=spacing|renderer=normalized|opacity=constant|loss=l1|optimizer=adam|lr_schedule=none|refine=residual_add|pyramid=single,23.4084,0.80341,0.95342,,576,4.602177858352661,0.1924118995666504,4.794708251953125
000000444879,512,0,iso_blue_noise,central,hybrid,density_random,local_mean,spacing,constant,normalized,charbonnier,adam,none,prune_residual_add,single,strategy=iso_blue_noise|tensor=central|density=hybrid|sampling=density_random|color=local_mean|scale=spacing|renderer=normalized|opacity=constant|loss=charbonnier|optimizer=adam|lr_schedule=none|refine=prune_residual_add|pyramid=single,18.5464,0.65324,0.89556,,576,0.003605365753173828,0.17441415786743164,0.17815518379211426
000000444879,512,0,aniso_onedge,scharr,variance,density_random,two_sided,spacing,constant,additive,l1,adam,cosine,residual_add,single,strategy=aniso_onedge|tensor=scharr|density=variance|sampling=density_random|color=two_sided|scale=spacing|renderer=additive|opacity=constant|loss=l1|optimizer=adam|lr_schedule=cosine|refine=residual_add|pyramid=single,-0.2028,0.37806,0.52234,,576,0.0032112598419189453,0.18240594863891602,0.18575119972229004
000000444879,512,0,iso_blue_noise,central,hybrid,density_random,bilinear,spacing,constant,additive,l1,adamw,cosine,prune_residual_add,pyramid,strategy=iso_blue_noise|tensor=central|density=hybrid|sampling=density_random|color=bilinear|scale=spacing|renderer=additive|opacity=constant|loss=l1|optimizer=adamw|lr_schedule=cosine|refine=prune_residual_add|pyramid=pyramid,-5.0896,0.18028,0.29129,,576,0.0,0.1791365146636963,0.1791365146636963
000000554838,512,0,aniso_flanking,central,structure,wse,bilinear,spacing,none,normalized,charbonnier,adam,none,residual_add,single,strategy=aniso_flanking|tensor=central|density=structure|sampling=wse|color=bilinear|scale=spacing|renderer=normalized|opacity=none|loss=charbonnier|optimizer=adam|lr_schedule=none|refine=residual_add|pyramid=single,25.066,0.81499,0.94607,,576,4.576805114746094,0.18028569221496582,4.757226943969727
000000554838,512,0,aniso_flanking,central,variance,density_random,bilinear,uniform,constant,normalized,l1,adamw,none,prune_residual_add,single,strategy=aniso_flanking|tensor=central|density=variance|sampling=density_random|color=bilinear|scale=uniform|renderer=normalized|opacity=constant|loss=l1|optimizer=adamw|lr_schedule=none|refine=prune_residual_add|pyramid=single,21.0789,0.64279,0.85726,,576,0.0028159618377685547,0.3497436046600342,0.35270047187805176
000000554838,512,0,aniso_flanking,scharr,structure,density_random,local_mean,spacing,constant,normalized,charbonnier,adamw,cosine,none,pyramid,strategy=aniso_flanking|tensor=scharr|density=structure|sampling=density_random|color=local_mean|scale=spacing|renderer=normalized|opacity=constant|loss=charbonnier|optimizer=adamw|lr_schedule=cosine|refine=none|pyramid=pyramid,23.0031,0.71898,0.9095,,512,0.0,0.32039737701416016,0.32039737701416016
000000554838,512,0,aniso_onedge,scharr,hybrid,jittered_grid,local_mean,spacing,none,additive,l1,adam,none,none,single,strategy=aniso_onedge|tensor=scharr|density=hybrid|sampling=jittered_grid|color=local_mean|scale=spacing|renderer=additive|opacity=none|loss=l1|optimizer=adam|lr_schedule=none|refine=none|pyramid=single,8.4452,0.34434,0.55357,,512,0.0031898021697998047,0.1459062099456787,0.14923095703125
000000554838,512,0,aniso_flanking,scharr,hybrid,density_random,bilinear,uniform,constant,additive,charbonnier,adam,cosine,residual_add,pyramid,strategy=aniso_flanking|tensor=scharr|density=hybrid|sampling=density_random|color=bilinear|scale=uniform|renderer=additive|opacity=constant|loss=charbonnier|optimizer=adam|lr_schedule=cosine|refine=residual_add|pyramid=pyramid,-15.8506,0.03428,0.03237,,576,0.0,0.5746562480926514,0.5746562480926514
000000554838,512,0,aniso_flanking,central,hybrid,jittered_grid,local_mean,spacing,constant,additive,l1,adamw,cosine,prune_residual_add,single,strategy=aniso_flanking|tensor=central|density=hybrid|sampling=jittered_grid|color=local_mean|scale=spacing|renderer=additive|opacity=constant|loss=l1|optimizer=adamw|lr_schedule=cosine|refine=prune_residual_add|pyramid=single,-0.3055,0.34126,0.48638,,576,0.005164384841918945,0.1894972324371338,0.19481658935546875
000000554838,512,0,iso_blue_noise,central,variance,jittered_grid,local_mean,uniform,none,additive,charbonnier,adamw,none,prune_residual_add,single,strategy=iso_blue_noise|tensor=central|density=variance|sampling=jittered_grid|color=local_mean|scale=uniform|renderer=additive|opacity=none|loss=charbonnier|optimizer=adamw|lr_schedule=none|refine=prune_residual_add|pyramid=single,-6.3592,0.23479,0.32123,,576,0.002753019332885742,0.15745997428894043,0.16028952598571777
000000554838,512,0,aniso_flanking,central,variance,wse,local_mean,uniform,none,normalized,l1,adamw,cosine,none,single,strategy=aniso_flanking|tensor=central|density=variance|sampling=wse|color=local_mean|scale=uniform|renderer=normalized|opacity=none|loss=l1|optimizer=adamw|lr_schedule=cosine|refine=none|pyramid=single,19.5328,0.58285,0.78041,,512,4.55285382270813,0.302720308303833,4.855723142623901
000000554838,512,0,iso_blue_noise,central,hybrid,wse,bilinear,uniform,constant,normalized,l1,adamw,cosine,residual_add,single,strategy=iso_blue_noise|tensor=central|density=hybrid|sampling=wse|color=bilinear|scale=uniform|renderer=normalized|opacity=constant|loss=l1|optimizer=adamw|lr_schedule=cosine|refine=residual_add|pyramid=single,18.4208,0.52643,0.72639,,576,2.337009906768799,0.19527411460876465,2.5324223041534424
000000554838,512,0,aniso_flanking,central,variance,density_random,local_mean,spacing,none,normalized,charbonnier,adam,cosine,residual_add,single,strategy=aniso_flanking|tensor=central|density=variance|sampling=density_random|color=local_mean|scale=spacing|renderer=normalized|opacity=none|loss=charbonnier|optimizer=adam|lr_schedule=cosine|refine=residual_add|pyramid=single,23.7652,0.76699,0.92285,,576,0.003601551055908203,0.20715808868408203,0.21087336540222168
000000554838,512,0,aniso_flanking,scharr,variance,jittered_grid,local_mean,uniform,none,additive,charbonnier,adam,cosine,none,pyramid,strategy=aniso_flanking|tensor=scharr|density=variance|sampling=jittered_grid|color=local_mean|scale=uniform|renderer=additive|opacity=none|loss=charbonnier|optimizer=adam|lr_schedule=cosine|refine=none|pyramid=pyramid,-15.5632,0.0224,0.02296,,512,0.0,0.5727412700653076,0.5727412700653076
000000554838,512,0,iso_blue_noise,central,hybrid,density_random,two_sided,uniform,none,additive,charbonnier,adamw,cosine,residual_add,single,strategy=iso_blue_noise|tensor=central|density=hybrid|sampling=density_random|color=two_sided|scale=uniform|renderer=additive|opacity=none|loss=charbonnier|optimizer=adamw|lr_schedule=cosine|refine=residual_add|pyramid=single,-2.7097,0.18551,0.23574,,576,0.0037140846252441406,0.20270943641662598,0.20659303665161133
000000554838,512,0,aniso_flanking,central,structure,wse,bilinear,uniform,none,additive,charbonnier,adamw,cosine,none,pyramid,strategy=aniso_flanking|tensor=central|density=structure|sampling=wse|color=bilinear|scale=uniform|renderer=additive|opacity=none|loss=charbonnier|optimizer=adamw|lr_schedule=cosine|refine=none|pyramid=pyramid,-14.4281,0.02787,0.03034,,512,0.0,5.455501556396484,5.455501556396484
000000554838,512,0,iso_blue_noise,central,structure,density_random,bilinear,uniform,constant,normalized,charbonnier,adam,none,residual_add,single,strategy=iso_blue_noise|tensor=central|density=structure|sampling=density_random|color=bilinear|scale=uniform|renderer=normalized|opacity=constant|loss=charbonnier|optimizer=adam|lr_schedule=none|refine=residual_add|pyramid=single,19.0708,0.53798,0.75593,,576,0.0029027462005615234,0.18406963348388672,0.18708586692810059
000000554838,512,0,aniso_flanking,central,variance,jittered_grid,local_mean,spacing,constant,normalized,charbonnier,adamw,none,none,pyramid,strategy=aniso_flanking|tensor=central|density=variance|sampling=jittered_grid|color=local_mean|scale=spacing|renderer=normalized|opacity=constant|loss=charbonnier|optimizer=adamw|lr_schedule=none|refine=none|pyramid=pyramid,20.6914,0.63536,0.84319,,512,0.0,0.32285046577453613,0.32285046577453613
000000554838,512,0,aniso_flanking,scharr,hybrid,wse,two_sided,spacing,none,normalized,l1,adam,cosine,residual_add,single,strategy=aniso_flanking|tensor=scharr|density=hybrid|sampling=wse|color=two_sided|scale=spacing|renderer=normalized|opacity=none|loss=l1|optimizer=adam|lr_schedule=cosine|refine=residual_add|pyramid=single,23.9218,0.77882,0.92789,,576,4.545926570892334,0.20364046096801758,4.749727487564087
000000554838,512,0,aniso_flanking,central,hybrid,wse,bilinear,spacing,none,normalized,l1,adamw,none,none,single,strategy=aniso_flanking|tensor=central|density=hybrid|sampling=wse|color=bilinear|scale=spacing|renderer=normalized|opacity=none|loss=l1|optimizer=adamw|lr_schedule=none|refine=none|pyramid=single,26.2574,0.83567,0.95867,,512,4.755250692367554,0.1570882797241211,4.912435054779053
000000554838,512,0,aniso_flanking,scharr,variance,wse,bilinear,spacing,none,additive,charbonnier,adamw,none,prune_residual_add,pyramid,strategy=aniso_flanking|tensor=scharr|density=variance|sampling=wse|color=bilinear|scale=spacing|renderer=additive|opacity=none|loss=charbonnier|optimizer=adamw|lr_schedule=none|refine=prune_residual_add|pyramid=pyramid,-3.7061,0.37219,0.48694,,576,0.0,4.209490776062012,4.209490776062012
000000554838,512,0,iso_blue_noise,scharr,variance,wse,two_sided,spacing,constant,additive,l1,adam,none,residual_add,single,strategy=iso_blue_noise|tensor=scharr|density=variance|sampling=wse|color=two_sided|scale=spacing|renderer=additive|opacity=constant|loss=l1|optimizer=adam|lr_schedule=none|refine=residual_add|pyramid=single,4.4407,0.54006,0.68585,,576,2.368910074234009,0.18319368362426758,2.552238941192627
000000554838,512,0,iso_blue_noise,central,variance,wse,bilinear,uniform,none,additive,charbonnier,adam,none,none,single,strategy=iso_blue_noise|tensor=central|density=variance|sampling=wse|color=bilinear|scale=uniform|renderer=additive|opacity=none|loss=charbonnier|optimizer=adam|lr_schedule=none|refine=none|pyramid=single,4.6729,0.26574,0.34397,,512,2.378756523132324,0.1422560214996338,2.521116256713867
000000554838,512,0,aniso_flanking,scharr,hybrid,wse,bilinear,uniform,constant,normalized,l1,adamw,none,prune_residual_add,single,strategy=aniso_flanking|tensor=scharr|density=hybrid|sampling=wse|color=bilinear|scale=uniform|renderer=normalized|opacity=constant|loss=l1|optimizer=adamw|lr_schedule=none|refine=prune_residual_add|pyramid=single,21.242,0.64906,0.86283,,576,4.555940389633179,0.3237173557281494,4.879785060882568
000000554838,512,0,iso_blue_noise,central,hybrid,jittered_grid,two_sided,uniform,constant,additive,l1,adamw,none,prune_residual_add,pyramid,strategy=iso_blue_noise|tensor=central|density=hybrid|sampling=jittered_grid|color=two_sided|scale=uniform|renderer=additive|opacity=constant|loss=l1|optimizer=adamw|lr_schedule=none|refine=prune_residual_add|pyramid=pyramid,-10.3427,0.05714,0.07488,,576,0.0,0.18958520889282227,0.18958520889282227
000000554838,512,0,aniso_onedge,central,variance,density_random,bilinear,spacing,none,additive,l1,adam,none,none,single,strategy=aniso_onedge|tensor=central|density=variance|sampling=density_random|color=bilinear|scale=spacing|renderer=additive|opacity=none|loss=l1|optimizer=adam|lr_schedule=none|refine=none|pyramid=single,14.4464,0.4293,0.64734,,512,0.002775430679321289,0.14597487449645996,0.14884471893310547
000000554838,512,0,iso_blue_noise,scharr,structure,jittered_grid,two_sided,spacing,none,normalized,charbonnier,adamw,none,none,single,strategy=iso_blue_noise|tensor=scharr|density=structure|sampling=jittered_grid|color=two_sided|scale=spacing|renderer=normalized|opacity=none|loss=charbonnier|optimizer=adamw|lr_schedule=none|refine=none|pyramid=single,20.8651,0.63065,0.85484,,512,0.0020575523376464844,0.15217113494873047,0.15430855751037598
000000554838,512,0,aniso_onedge,central,hybrid,wse,local_mean,uniform,none,additive,charbonnier,adamw,none,residual_add,single,strategy=aniso_onedge|tensor=central|density=hybrid|sampling=wse|color=local_mean|scale=uniform|renderer=additive|opacity=none|loss=charbonnier|optimizer=adamw|lr_schedule=none|refine=residual_add|pyramid=single,-3.2284,0.23703,0.32547,,576,4.6922993659973145,0.24940824508666992,4.941848516464233
000000554838,512,0,iso_blue_noise,scharr,structure,density_random,bilinear,uniform,none,normalized,charbonnier,adamw,cosine,residual_add,pyramid,strategy=iso_blue_noise|tensor=scharr|density=structure|sampling=density_random|color=bilinear|scale=uniform|renderer=normalized|opacity=none|loss=charbonnier|optimizer=adamw|lr_schedule=cosine|refine=residual_add|pyramid=pyramid,16.8753,0.48889,0.60778,,576,0.0,0.1978137493133545,0.1978137493133545
000000554838,512,0,iso_blue_noise,central,variance,jittered_grid,two_sided,spacing,constant,normalized,l1,adamw,cosine,none,single,strategy=iso_blue_noise|tensor=central|density=variance|sampling=jittered_grid|color=two_sided|scale=spacing|renderer=normalized|opacity=constant|loss=l1|optimizer=adamw|lr_schedule=cosine|refine=none|pyramid=single,20.3008,0.59409,0.8247,,512,0.0025076866149902344,0.17075228691101074,0.17337346076965332
000000554838,512,0,iso_blue_noise,scharr,variance,wse,two_sided,spacing,none,additive,l1,adam,none,prune_residual_add,pyramid,strategy=iso_blue_noise|tensor=scharr|density=variance|sampling=wse|color=two_sided|scale=spacing|renderer=additive|opacity=none|loss=l1|optimizer=adam|lr_schedule=none|refine=prune_residual_add|pyramid=pyramid,-2.1641,0.34193,0.44595,,576,0.0,2.255136489868164,2.255136489868164
000000554838,512,0,aniso_flanking,scharr,hybrid,jittered_grid,local_mean,spacing,constant,additive,l1,adam,cosine,none,single,strategy=aniso_flanking|tensor=scharr|density=hybrid|sampling=jittered_grid|color=local_mean|scale=spacing|renderer=additive|opacity=constant|loss=l1|optimizer=adam|lr_schedule=cosine|refine=none|pyramid=single,0.8476,0.20895,0.30539,,512,0.004748821258544922,0.174088716506958,0.17898845672607422
000000554838,512,0,aniso_onedge,central,structure,jittered_grid,bilinear,spacing,none,normalized,l1,adamw,none,prune_residual_add,single,strategy=aniso_onedge|tensor=central|density=structure|sampling=jittered_grid|color=bilinear|scale=spacing|renderer=normalized|opacity=none|loss=l1|optimizer=adamw|lr_schedule=none|refine=prune_residual_add|pyramid=single,22.2828,0.71088,0.90217,,576,0.0025665760040283203,0.19202113151550293,0.19472455978393555
000000554838,512,0,iso_blue_noise,central,hybrid,wse,bilinear,spacing,none,additive,charbonnier,adam,cosine,residual_add,single,strategy=iso_blue_noise|tensor=central|density=hybrid|sampling=wse|color=bilinear|scale=spacing|renderer=additive|opacity=none|loss=charbonnier|optimizer=adam|lr_schedule=cosine|refine=residual_add|pyramid=single,-3.9366,0.45395,0.57738,,576,2.4021573066711426,0.16788887977600098,2.5702760219573975
000000554838,512,0,iso_blue_noise,scharr,hybrid,density_random,local_mean,spacing,none,additive,l1,adam,cosine,prune_residual_add,pyramid,strategy=iso_blue_noise|tensor=scharr|density=hybrid|sampling=density_random|color=local_mean|scale=spacing|renderer=additive|opacity=none|loss=l1|optimizer=adam|lr_schedule=cosine|refine=prune_residual_add|pyramid=pyramid,-5.6649,0.19275,0.24894,,576,0.0,0.1732175350189209,0.1732175350189209
000000554838,512,0,aniso_onedge,central,structure,density_random,two_sided,spacing,constant,additive,charbonnier,adam,cosine,prune_residual_add,pyramid,strategy=aniso_onedge|tensor=central|density=structure|sampling=density_random|color=two_sided|scale=spacing|renderer=additive|opacity=constant|loss=charbonnier|optimizer=adam|lr_schedule=cosine|refine=prune_residual_add|pyramid=pyramid,-3.6166,0.2182,0.29171,,576,0.0,0.23646855354309082,0.23646855354309082
000000554838,512,0,iso_blue_noise,central,structure,wse,bilinear,spacing,none,additive,l1,adam,cosine,none,single,strategy=iso_blue_noise|tensor=central|density=structure|sampling=wse|color=bilinear|scale=spacing|renderer=additive|opacity=none|loss=l1|optimizer=adam|lr_schedule=cosine|refine=none|pyramid=single,15.4568,0.40446,0.63534,,512,2.3467559814453125,0.1459190845489502,2.4928014278411865
000000554838,512,0,iso_blue_noise,central,hybrid,wse,local_mean,uniform,none,normalized,l1,adamw,none,prune_residual_add,pyramid,strategy=iso_blue_noise|tensor=central|density=hybrid|sampling=wse|color=local_mean|scale=uniform|renderer=normalized|opacity=none|loss=l1|optimizer=adamw|lr_schedule=none|refine=prune_residual_add|pyramid=pyramid,17.1566,0.49889,0.64851,,576,0.0,2.3878626823425293,2.3878626823425293
000000554838,512,0,iso_blue_noise,scharr,structure,jittered_grid,two_sided,spacing,none,normalized,l1,adamw,none,residual_add,single,strategy=iso_blue_noise|tensor=scharr|density=structure|sampling=jittered_grid|color=two_sided|scale=spacing|renderer=normalized|opacity=none|loss=l1|optimizer=adamw|lr_schedule=none|refine=residual_add|pyramid=single,20.9977,0.627,0.85487,,576,0.0020089149475097656,0.1753988265991211,0.17751479148864746
000000554838,512,0,aniso_flanking,scharr,variance,jittered_grid,two_sided,spacing,constant,normalized,charbonnier,adamw,none,residual_add,single,strategy=aniso_flanking|tensor=scharr|density=variance|sampling=jittered_grid|color=two_sided|scale=spacing|renderer=normalized|opacity=constant|loss=charbonnier|optimizer=adamw|lr_schedule=none|refine=residual_add|pyramid=single,22.1206,0.70037,0.89971,,576,0.0030722618103027344,0.19960689544677734,0.20282554626464844
000000554838,512,0,aniso_flanking,scharr,structure,density_random,local_mean,uniform,none,additive,l1,adam,cosine,prune_residual_add,single,strategy=aniso_flanking|tensor=scharr|density=structure|sampling=density_random|color=local_mean|scale=uniform|renderer=additive|opacity=none|loss=l1|optimizer=adam|lr_schedule=cosine|refine=prune_residual_add|pyramid=single,-6.8354,0.14231,0.19765,,576,0.0031785964965820312,0.25997138023376465,0.2633659839630127
000000554838,512,0,iso_blue_noise,scharr,structure,wse,local_mean,spacing,none,normalized,charbonnier,adam,none,none,pyramid,strategy=iso_blue_noise|tensor=scharr|density=structure|sampling=wse|color=local_mean|scale=spacing|renderer=normalized|opacity=none|loss=charbonnier|optimizer=adam|lr_schedule=none|refine=none|pyramid=pyramid,21.6925,0.66477,0.8806,,512,0.0,2.1683342456817627,2.1683342456817627
000000554838,512,0,iso_blue_noise,scharr,hybrid,jittered_grid,two_sided,spacing,none,additive,l1,adamw,none,none,pyramid,strategy=iso_blue_noise|tensor=scharr|density=hybrid|sampling=jittered_grid|color=two_sided|scale=spacing|renderer=additive|opacity=none|loss=l1|optimizer=adamw|lr_schedule=none|refine=none|pyramid=pyramid,-3.6902,0.10497,0.15855,,512,0.0,0.14686036109924316,0.14686036109924316
000000554838,512,0,aniso_flanking,central,hybrid,jittered_grid,two_sided,uniform,none,normalized,l1,adam,none,prune_residual_add,single,strategy=aniso_flanking|tensor=central|density=hybrid|sampling=jittered_grid|color=two_sided|scale=uniform|renderer=normalized|opacity=none|loss=l1|optimizer=adam|lr_schedule=none|refine=prune_residual_add|pyramid=single,20.9948,0.63907,0.85347,,576,0.002747058868408203,0.30377840995788574,0.3066391944885254
000000554838,512,0,iso_blue_noise,central,variance,jittered_grid,local_mean,uniform,constant,normalized,l1,adam,cosine,residual_add,single,strategy=iso_blue_noise|tensor=central|density=variance|sampling=jittered_grid|color=local_mean|scale=uniform|renderer=normalized|opacity=constant|loss=l1|optimizer=adam|lr_schedule=cosine|refine=residual_add|pyramid=single,19.711,0.55739,0.78648,,576,0.003058910369873047,0.1849672794342041,0.18815922737121582
000000554838,512,0,aniso_onedge,central,structure,wse,bilinear,spacing,constant,normalized,charbonnier,adamw,none,residual_add,single,strategy=aniso_onedge|tensor=central|density=structure|sampling=wse|color=bilinear|scale=spacing|renderer=normalized|opacity=constant|loss=charbonnier|optimizer=adamw|lr_schedule=none|refine=residual_add|pyramid=single,25.7913,0.82454,0.95404,,576,4.578607797622681,0.18814373016357422,4.766854286193848
000000554838,512,0,iso_blue_noise,scharr,variance,jittered_grid,two_sided,spacing,constant,additive,charbonnier,adam,none,residual_add,single,strategy=iso_blue_noise|tensor=scharr|density=variance|sampling=jittered_grid|color=two_sided|scale=spacing|renderer=additive|opacity=constant|loss=charbonnier|optimizer=adam|lr_schedule=none|refine=residual_add|pyramid=single,0.1579,0.4482,0.60499,,576,0.0026361942291259766,0.18423914909362793,0.18700313568115234
000000554838,512,0,aniso_flanking,central,variance,wse,bilinear,uniform,none,normalized,l1,adam,cosine,residual_add,single,strategy=aniso_flanking|tensor=central|density=variance|sampling=wse|color=bilinear|scale=uniform|renderer=normalized|opacity=none|loss=l1|optimizer=adam|lr_schedule=cosine|refine=residual_add|pyramid=single,20.7892,0.62682,0.84232,,576,4.4697816371917725,0.332197904586792,4.802140235900879
000000554838,512,0,iso_blue_noise,central,variance,jittered_grid,bilinear,uniform,none,normalized,l1,adam,none,residual_add,pyramid,strategy=iso_blue_noise|tensor=central|density=variance|sampling=jittered_grid|color=bilinear|scale=uniform|renderer=normalized|opacity=none|loss=l1|optimizer=adam|lr_schedule=none|refine=residual_add|pyramid=pyramid,18.4145,0.5136,0.71025,,576,0.0,0.17598342895507812,0.17598342895507812
000000554838,512,0,iso_blue_noise,central,structure,jittered_grid,two_sided,spacing,none,normalized,l1,adamw,none,prune_residual_add,single,strategy=iso_blue_noise|tensor=central|density=structure|sampling=jittered_grid|color=two_sided|scale=spacing|renderer=normalized|opacity=none|loss=l1|optimizer=adamw|lr_schedule=none|refine=prune_residual_add|pyramid=single,20.995,0.62691,0.85474,,576,0.002385854721069336,0.1642758846282959,0.16674375534057617
000000554838,512,0,iso_blue_noise,scharr,structure,wse,bilinear,spacing,none,additive,l1,adamw,none,residual_add,single,strategy=iso_blue_noise|tensor=scharr|density=structure|sampling=wse|color=bilinear|scale=spacing|renderer=additive|opacity=none|loss=l1|optimizer=adamw|lr_schedule=none|refine=residual_add|pyramid=single,-3.4924,0.50295,0.56844,,576,2.1890337467193604,0.18230962753295898,2.3714632987976074
000000554838,512,0,aniso_flanking,central,hybrid,density_random,bilinear,uniform,constant,normalized,charbonnier,adamw,cosine,residual_add,single,strategy=aniso_flanking|tensor=central|density=hybrid|sampling=density_random|color=bilinear|scale=uniform|renderer=normalized|opacity=constant|loss=charbonnier|optimizer=adamw|lr_schedule=cosine|refine=residual_add|pyramid=single,20.5916,0.62636,0.83745,,576,0.0033931732177734375,0.3429551124572754,0.34651803970336914
000000554838,512,0,aniso_flanking,scharr,hybrid,density_random,local_mean,spacing,constant,additive,charbonnier,adam,cosine,residual_add,single,strategy=aniso_flanking|tensor=scharr|density=hybrid|sampling=density_random|color=local_mean|scale=spacing|renderer=additive|opacity=constant|loss=charbonnier|optimizer=adam|lr_schedule=cosine|refine=residual_add|pyramid=single,2.1983,0.40802,0.52299,,576,0.0037741661071777344,0.18915820121765137,0.19305419921875
000000554838,512,0,iso_blue_noise,scharr,hybrid,wse,local_mean,uniform,constant,additive,l1,adam,none,residual_add,single,strategy=iso_blue_noise|tensor=scharr|density=hybrid|sampling=wse|color=local_mean|scale=uniform|renderer=additive|opacity=constant|loss=l1|optimizer=adam|lr_schedule=none|refine=residual_add|pyramid=single,5.0295,0.32113,0.42131,,576,2.2713751792907715,0.16789841651916504,2.4393839836120605
000000554838,512,0,aniso_onedge,central,variance,density_random,local_mean,spacing,none,additive,l1,adam,none,residual_add,pyramid,strategy=aniso_onedge|tensor=central|density=variance|sampling=density_random|color=local_mean|scale=spacing|renderer=additive|opacity=none|loss=l1|optimizer=adam|lr_schedule=none|refine=residual_add|pyramid=pyramid,-5.039,0.27007,0.37083,,576,0.0,0.20280027389526367,0.20280027389526367
000000554838,512,0,iso_blue_noise,scharr,variance,wse,two_sided,spacing,none,additive,l1,adamw,none,none,single,strategy=iso_blue_noise|tensor=scharr|density=variance|sampling=wse|color=two_sided|scale=spacing|renderer=additive|opacity=none|loss=l1|optimizer=adamw|lr_schedule=none|refine=none|pyramid=single,17.0182,0.51063,0.72905,,512,2.3717546463012695,0.17917203903198242,2.551058530807495
000000554838,512,0,aniso_onedge,central,variance,density_random,bilinear,spacing,none,normalized,l1,adamw,none,none,single,strategy=aniso_onedge|tensor=central|density=variance|sampling=density_random|color=bilinear|scale=spacing|renderer=normalized|opacity=none|loss=l1|optimizer=adamw|lr_schedule=none|refine=none|pyramid=single,25.5419,0.8173,0.9514,,512,0.003200054168701172,0.17684149742126465,0.18018770217895508
000000554838,512,0,aniso_flanking,central,variance,density_random,local_mean,spacing,none,additive,charbonnier,adamw,cosine,residual_add,pyramid,strategy=aniso_flanking|tensor=central|density=variance|sampling=density_random|color=local_mean|scale=spacing|renderer=additive|opacity=none|loss=charbonnier|optimizer=adamw|lr_schedule=cosine|refine=residual_add|pyramid=pyramid,-8.125,0.19869,0.25074,,576,0.0,0.20454668998718262,0.20454668998718262
000000554838,512,0,iso_blue_noise,central,variance,jittered_grid,local_mean,spacing,constant,normalized,charbonnier,adamw,cosine,none,single,strategy=iso_blue_noise|tensor=central|density=variance|sampling=jittered_grid|color=local_mean|scale=spacing|renderer=normalized|opacity=constant|loss=charbonnier|optimizer=adamw|lr_schedule=cosine|refine=none|pyramid=single,20.2788,0.59316,0.82446,,512,0.0036172866821289062,0.16298508644104004,0.1667635440826416
000000554838,512,0,aniso_onedge,scharr,structure,wse,two_sided,spacing,none,normalized,l1,adam,cosine,residual_add,pyramid,strategy=aniso_onedge|tensor=scharr|density=structure|sampling=wse|color=two_sided|scale=spacing|renderer=normalized|opacity=none|loss=l1|optimizer=adam|lr_schedule=cosine|refine=residual_add|pyramid=pyramid,22.2373,0.71507,0.89246,,576,0.0,4.3655924797058105,4.3655924797058105
000000554838,512,0,aniso_flanking,central,variance,wse,two_sided,spacing,none,additive,l1,adamw,none,none,single,strategy=aniso_flanking|tensor=central|density=variance|sampling=wse|color=two_sided|scale=spacing|renderer=additive|opacity=none|loss=l1|optimizer=adamw|lr_schedule=none|refine=none|pyramid=single,17.9881,0.53308,0.76616,,512,4.5315024852752686,0.14405083656311035,4.67566704750061
000000554838,512,0,aniso_flanking,central,variance,jittered_grid,two_sided,spacing,none,additive,l1,adamw,none,prune_residual_add,pyramid,strategy=aniso_flanking|tensor=central|density=variance|sampling=jittered_grid|color=two_sided|scale=spacing|renderer=additive|opacity=none|loss=l1|optimizer=adamw|lr_schedule=none|refine=prune_residual_add|pyramid=pyramid,-7.7917,0.10275,0.1547,,576,0.0,0.25041842460632324,0.25041842460632324
000000554838,512,0,iso_blue_noise,scharr,hybrid,density_random,bilinear,spacing,none,normalized,l1,adamw,none,prune_residual_add,pyramid,strategy=iso_blue_noise|tensor=scharr|density=hybrid|sampling=density_random|color=bilinear|scale=spacing|renderer=normalized|opacity=none|loss=l1|optimizer=adamw|lr_schedule=none|refine=prune_residual_add|pyramid=pyramid,20.9815,0.62979,0.85485,,576,0.0,0.16657733917236328,0.16657733917236328
000000554838,512,0,aniso_onedge,scharr,variance,wse,two_sided,spacing,constant,normalized,l1,adam,none,residual_add,single,strategy=aniso_onedge|tensor=scharr|density=variance|sampling=wse|color=two_sided|scale=spacing|renderer=normalized|opacity=constant|loss=l1|optimizer=adam|lr_schedule=none|refine=residual_add|pyramid=single,25.8579,0.82844,0.95566,,576,4.492998361587524,0.18611741065979004,4.679266691207886
000000554838,512,0,iso_blue_noise,central,hybrid,density_random,local_mean,spacing,constant,normalized,charbonnier,adam,none,prune_residual_add,single,strategy=iso_blue_noise|tensor=central|density=hybrid|sampling=density_random|color=local_mean|scale=spacing|renderer=normalized|opacity=constant|loss=charbonnier|optimizer=adam|lr_schedule=none|refine=prune_residual_add|pyramid=single,22.8605,0.7215,0.90788,,576,0.004472494125366211,0.189744234085083,0.19434809684753418
000000554838,512,0,aniso_onedge,scharr,variance,density_random,two_sided,spacing,constant,additive,l1,adam,cosine,residual_add,single,strategy=aniso_onedge|tensor=scharr|density=variance|sampling=density_random|color=two_sided|scale=spacing|renderer=additive|opacity=constant|loss=l1|optimizer=adam|lr_schedule=cosine|refine=residual_add|pyramid=single,2.7448,0.40677,0.55366,,576,0.0034456253051757812,0.19329071044921875,0.19686317443847656
000000554838,512,0,iso_blue_noise,central,hybrid,density_random,bilinear,spacing,constant,additive,l1,adamw,cosine,prune_residual_add,pyramid,strategy=iso_blue_noise|tensor=central|density=hybrid|sampling=density_random|color=bilinear|scale=spacing|renderer=additive|opacity=constant|loss=l1|optimizer=adamw|lr_schedule=cosine|refine=prune_residual_add|pyramid=pyramid,-0.2609,0.19334,0.26855,,576,0.0,0.18799686431884766,0.18799686431884766
