auc_psnr,error,feature_cap_px,final_budget,final_scale_max,final_scale_mean,final_scale_p95,fit_seconds,growth_rule,growth_waves,height,image,init_seconds,iterations_run,iters,lpips,luma_psnr,mae,max_side,method,method_label,method_note,method_track,ms_ssim,mse,n_gaussians,p95_abs_error,pixel_loss,psnr,reconstruction_path,relocate_count_per_event,relocate_fraction,relocate_residual_downsample,relocate_rule,renderer,scale_cap_input,scale_cap_max,scale_cap_reference_side,scale_cap_rule,seed,source_path,ssim,ssim_weight,start_budget,start_fraction,start_gaussians,status,stopped_early,support_fade,target_path,total_seconds,width
24.43184816956759,,,640,66.13373565673828,3.6322593688964844,10.903510093688965,1.3018200397491455,none,5,120,COCO_train2014_000000000009,0.013644695281982422,500,500,,26.752670288085938,0.028886010870337486,160,gaussianimage_fixed_full,GaussianImage fixed,GaussianImage-style random fixed-count control; starts at the final cap and does not grow.,fixed-full,0.979896068572998,0.002558051375672221,640,0.11018811911344528,l1,25.920907974243164,../../runs/all_gaussian_fit_methods_matched_20260707/reconstructions/COCO_train2014_000000000009/640/seed0_gaussianimage_fixed_full.png,,,,,cuda,,,,,0,tests/test_images/COCO_train2014_000000000009.jpg,0.8921389579772949,0.3,320,0.5,640,ok,False,False,../../runs/all_gaussian_fit_methods_matched_20260707/targets/COCO_train2014_000000000009.png,1.315464735031128,160
22.87938098869247,,,640,64.63983917236328,3.533940553665161,10.201276779174805,0.79593825340271,residual_add,5,120,COCO_train2014_000000000009,0.0005295276641845703,500,500,,27.895605087280273,0.028667783364653587,160,gaussianimage_plus_residual,GaussianImage++ residual,GaussianImage++-style analogue: random half-budget start plus residual-add growth.,repo-growth,0.9814807772636414,0.002141506178304553,640,0.10215535759925842,l1,26.692808151245117,../../runs/all_gaussian_fit_methods_matched_20260707/reconstructions/COCO_train2014_000000000009/640/seed0_gaussianimage_plus_residual.png,,,,,cuda,,,,,0,tests/test_images/COCO_train2014_000000000009.jpg,0.8930712938308716,0.3,320,0.5,320,ok,False,False,../../runs/all_gaussian_fit_methods_matched_20260707/targets/COCO_train2014_000000000009.png,0.7964677810668945,160
23.26837900884166,,,640,114.01619720458984,3.8655526638031006,13.358760833740234,0.736807107925415,residual_add,5,120,COCO_train2014_000000000009,0.006254911422729492,500,500,,28.10256004333496,0.02798593044281006,160,image_gs_residual,Image-GS residual,Image-GS-style analogue: gradient-density random half-budget start plus residual-add growth.,repo-growth,0.9819672703742981,0.002051801886409521,640,0.10010124742984772,l1,26.878644943237305,../../runs/all_gaussian_fit_methods_matched_20260707/reconstructions/COCO_train2014_000000000009/640/seed0_image_gs_residual.png,,,,,cuda,,,,,0,tests/test_images/COCO_train2014_000000000009.jpg,0.8972158432006836,0.3,320,0.5,320,ok,False,False,../../runs/all_gaussian_fit_methods_matched_20260707/targets/COCO_train2014_000000000009.png,0.7430620193481445,160
23.977381759750582,,,640,138.74295043945312,4.503219127655029,15.35140609741211,0.7397730350494385,residual_add,5,120,COCO_train2014_000000000009,0.04073333740234375,500,500,,28.049047470092773,0.027677813544869423,160,structsplat_onedge_residual,SS on-edge + residual,StructSplat on-edge initializer under the same residual-add growth as external analogues.,same-growth,0.9816833734512329,0.001992295030504465,640,0.09965389221906662,l1,27.0064640045166,../../runs/all_gaussian_fit_methods_matched_20260707/reconstructions/COCO_train2014_000000000009/640/seed0_structsplat_onedge_residual.png,,,,,cuda,,,,,0,tests/test_images/COCO_train2014_000000000009.jpg,0.8951237201690674,0.3,320,0.5,320,ok,False,False,../../runs/all_gaussian_fit_methods_matched_20260707/targets/COCO_train2014_000000000009.png,0.7805063724517822,160
23.840423354643857,,,640,107.55848693847656,4.70076322555542,17.16993522644043,0.8050875663757324,residual_add+relocate,5,120,COCO_train2014_000000000009,0.04151558876037598,500,500,,27.911582946777344,0.028492765501141548,160,structsplat_onedge_residual_relocate,SS on-edge + residual relocate,StructSplat on-edge residual-add growth plus split-scheduled residual relocation.,same-growth+relocate,0.980465829372406,0.0021017470862716436,640,0.1020105630159378,l1,26.774194717407227,../../runs/all_gaussian_fit_methods_matched_20260707/reconstructions/COCO_train2014_000000000009/640/seed0_structsplat_onedge_residual_relocate.png,16,0.25,4,at_split,cuda,,,,,0,tests/test_images/COCO_train2014_000000000009.jpg,0.8895778059959412,0.3,320,0.5,320,ok,False,False,../../runs/all_gaussian_fit_methods_matched_20260707/targets/COCO_train2014_000000000009.png,0.8466031551361084,160
24.19370177179157,,12.0,640,12.0,2.729552984237671,8.754656791687012,0.7803752422332764,residual_add,5,120,COCO_train2014_000000000009,0.03997182846069336,500,500,,28.433448791503906,0.026951322332024574,160,structsplat_onedge_residual_featurecap,SS on-edge + residual feature cap,StructSplat on-edge residual-add growth with feature-adaptive per-Gaussian scale caps.,same-growth+feature-cap,0.9823957681655884,0.0019349027425050735,640,0.09614988416433334,l1,27.13340950012207,../../runs/all_gaussian_fit_methods_matched_20260707/reconstructions/COCO_train2014_000000000009/640/seed0_structsplat_onedge_residual_featurecap.png,,,,,cuda,12.0,12.0,160.0,feature,0,tests/test_images/COCO_train2014_000000000009.jpg,0.900419294834137,0.3,320,0.5,320,ok,False,False,../../runs/all_gaussian_fit_methods_matched_20260707/targets/COCO_train2014_000000000009.png,0.8203470706939697,160
23.95575927589126,,,640,121.435546875,5.016282558441162,16.092161178588867,0.7507977485656738,residual_tensor_add,5,120,COCO_train2014_000000000009,0.040232181549072266,500,500,,27.7596492767334,0.028651908040046692,160,structsplat_onedge_tensor,SS on-edge + tensor,StructSplat on-edge initializer plus tensor-aware residual growth.,tensor-growth,0.9805352687835693,0.0021505714394152164,640,0.10380373150110245,l1,26.674461364746094,../../runs/all_gaussian_fit_methods_matched_20260707/reconstructions/COCO_train2014_000000000009/640/seed0_structsplat_onedge_tensor.png,,,,,cuda,,,,,0,tests/test_images/COCO_train2014_000000000009.jpg,0.8899435997009277,0.3,320,0.5,320,ok,False,False,../../runs/all_gaussian_fit_methods_matched_20260707/targets/COCO_train2014_000000000009.png,0.7910299301147461,160
24.33395409536266,,12.0,640,12.0,2.9392471313476562,9.523465156555176,0.7434184551239014,residual_tensor_add,5,120,COCO_train2014_000000000009,0.04208040237426758,500,500,,28.348424911499023,0.02664889022707939,160,structsplat_onedge_tensor_featurecap,SS on-edge + tensor feature cap,StructSplat on-edge tensor-aware residual growth with feature-adaptive scale caps.,tensor-growth+feature-cap,0.9828147292137146,0.0018591926200315356,640,0.09660446643829346,l1,27.3067569732666,../../runs/all_gaussian_fit_methods_matched_20260707/reconstructions/COCO_train2014_000000000009/640/seed0_structsplat_onedge_tensor_featurecap.png,,,,,cuda,12.0,12.0,160.0,feature,0,tests/test_images/COCO_train2014_000000000009.jpg,0.9019032120704651,0.3,320,0.5,320,ok,False,False,../../runs/all_gaussian_fit_methods_matched_20260707/targets/COCO_train2014_000000000009.png,0.785498857498169,160
24.073959209159284,,,640,124.97622680664062,4.960198402404785,16.569955825805664,0.7324130535125732,residual_tensor_add,5,120,COCO_train2014_000000000009,0.04075908660888672,500,500,,28.153982162475586,0.02768363244831562,160,structsplat_flanking_tensor,SS flanking + tensor,StructSplat flanking initializer plus tensor-aware residual growth.,tensor-growth,0.9815152287483215,0.0020009090658277273,640,0.09870921075344086,l1,26.98772621154785,../../runs/all_gaussian_fit_methods_matched_20260707/reconstructions/COCO_train2014_000000000009/640/seed0_structsplat_flanking_tensor.png,,,,,cuda,,,,,0,tests/test_images/COCO_train2014_000000000009.jpg,0.8978867530822754,0.3,320,0.5,320,ok,False,False,../../runs/all_gaussian_fit_methods_matched_20260707/targets/COCO_train2014_000000000009.png,0.77317214012146,160
23.935047411488625,,,640,160.00001525878906,4.6241583824157715,15.600823402404785,0.7382247447967529,residual_add,5,120,COCO_train2014_000000000009,0.1027381420135498,500,500,,28.060266494750977,0.02785297855734825,160,structsplat_quadtree_wse_residual,SS qt-WSE + residual,StructSplat quadtree-WSE initializer under the same residual-add growth as external analogues.,same-growth,0.9811321496963501,0.0020235618576407433,640,0.10035530477762222,l1,26.9388370513916,../../runs/all_gaussian_fit_methods_matched_20260707/reconstructions/COCO_train2014_000000000009/640/seed0_structsplat_quadtree_wse_residual.png,,,,,cuda,,,,,0,tests/test_images/COCO_train2014_000000000009.jpg,0.8949710130691528,0.3,320,0.5,320,ok,False,False,../../runs/all_gaussian_fit_methods_matched_20260707/targets/COCO_train2014_000000000009.png,0.8409628868103027,160
23.842015612340404,,,640,120.23158264160156,4.631663799285889,15.228766441345215,0.7651724815368652,residual_add+relocate,5,120,COCO_train2014_000000000009,0.10149765014648438,500,500,,28.096521377563477,0.02815631590783596,160,structsplat_quadtree_wse_residual_relocate,SS qt-WSE + residual relocate,StructSplat quadtree-WSE residual-add growth plus split-scheduled residual relocation.,same-growth+relocate,0.9803404211997986,0.0020755180157721043,640,0.10086838155984879,l1,26.8287353515625,../../runs/all_gaussian_fit_methods_matched_20260707/reconstructions/COCO_train2014_000000000009/640/seed0_structsplat_quadtree_wse_residual_relocate.png,16,0.25,4,at_split,cuda,,,,,0,tests/test_images/COCO_train2014_000000000009.jpg,0.8929620981216431,0.3,320,0.5,320,ok,False,False,../../runs/all_gaussian_fit_methods_matched_20260707/targets/COCO_train2014_000000000009.png,0.8666701316833496,160
24.198624601345024,,12.0,640,12.0,2.748060941696167,8.465415000915527,0.7460453510284424,residual_add,5,120,COCO_train2014_000000000009,0.10187792778015137,500,500,,28.31214714050293,0.026753965765237808,160,structsplat_quadtree_wse_residual_featurecap,SS qt-WSE + residual feature cap,StructSplat quadtree-WSE residual-add growth with feature-adaptive scale caps.,same-growth+feature-cap,0.9839602112770081,0.0019200671231374145,640,0.0972658097743988,l1,27.16683578491211,../../runs/all_gaussian_fit_methods_matched_20260707/reconstructions/COCO_train2014_000000000009/640/seed0_structsplat_quadtree_wse_residual_featurecap.png,,,,,cuda,12.0,12.0,160.0,feature,0,tests/test_images/COCO_train2014_000000000009.jpg,0.9037372469902039,0.3,320,0.5,320,ok,False,False,../../runs/all_gaussian_fit_methods_matched_20260707/targets/COCO_train2014_000000000009.png,0.8479232788085938,160
24.04785723294428,,,640,160.00001525878906,5.039517402648926,15.288945198059082,0.7332806587219238,residual_tensor_add,5,120,COCO_train2014_000000000009,0.10173845291137695,500,500,,27.959815979003906,0.02795204147696495,160,structsplat_quadtree_wse_tensor,SS qt-WSE + tensor,StructSplat quadtree-WSE initializer plus tensor-aware residual growth.,tensor-growth,0.981735348701477,0.002045533386990428,640,0.10021191835403442,l1,26.891935348510742,../../runs/all_gaussian_fit_methods_matched_20260707/reconstructions/COCO_train2014_000000000009/640/seed0_structsplat_quadtree_wse_tensor.png,,,,,cuda,,,,,0,tests/test_images/COCO_train2014_000000000009.jpg,0.8970107436180115,0.3,320,0.5,320,ok,False,False,../../runs/all_gaussian_fit_methods_matched_20260707/targets/COCO_train2014_000000000009.png,0.8350191116333008,160
24.283357648906822,,12.0,640,12.0,2.8275420665740967,8.624991416931152,0.7534041404724121,residual_tensor_add,5,120,COCO_train2014_000000000009,0.10178637504577637,500,500,,28.45311164855957,0.026310982182621956,160,structsplat_quadtree_wse_tensor_featurecap,SS qt-WSE + tensor feature cap,StructSplat quadtree-WSE tensor-aware residual growth with feature-adaptive scale caps.,tensor-growth+feature-cap,0.9841888546943665,0.0018465598113834858,640,0.0958523228764534,l1,27.336368560791016,../../runs/all_gaussian_fit_methods_matched_20260707/reconstructions/COCO_train2014_000000000009/640/seed0_structsplat_quadtree_wse_tensor_featurecap.png,,,,,cuda,12.0,12.0,160.0,feature,0,tests/test_images/COCO_train2014_000000000009.jpg,0.9062604904174805,0.3,320,0.5,320,ok,False,False,../../runs/all_gaussian_fit_methods_matched_20260707/targets/COCO_train2014_000000000009.png,0.8551905155181885,160
24.08855940488154,,,640,160.00001525878906,4.696385383605957,14.608466148376465,0.7262117862701416,residual_tensor_add,5,120,COCO_train2014_000000000009,0.04669523239135742,500,500,,28.123350143432617,0.027526775375008583,160,structsplat_quadtree_hybrid_tensor,SS qt-hybrid + tensor,StructSplat quadtree-hybrid initializer plus tensor-aware residual growth.,tensor-growth,0.9818382859230042,0.001981911947950721,640,0.098619744181633,l1,27.029155731201172,../../runs/all_gaussian_fit_methods_matched_20260707/reconstructions/COCO_train2014_000000000009/640/seed0_structsplat_quadtree_hybrid_tensor.png,,,,,cuda,,,,,0,tests/test_images/COCO_train2014_000000000009.jpg,0.8972741961479187,0.3,320,0.5,320,ok,False,False,../../runs/all_gaussian_fit_methods_matched_20260707/targets/COCO_train2014_000000000009.png,0.772907018661499,160
23.35487094527495,,,640,138.11593627929688,5.188088417053223,18.547130584716797,0.7276122570037842,residual_tensor_add,5,120,COCO_train2014_000000000009,0.019464492797851562,500,500,,27.719688415527344,0.029119178652763367,160,floyd_steinberg_tensor,Floyd + tensor,Floyd-Steinberg placement control plus tensor-aware residual growth.,tensor-growth-control,0.9794819951057434,0.002170826308429241,640,0.10332218557596207,l1,26.633750915527344,../../runs/all_gaussian_fit_methods_matched_20260707/reconstructions/COCO_train2014_000000000009/640/seed0_floyd_steinberg_tensor.png,,,,,cuda,,,,,0,tests/test_images/COCO_train2014_000000000009.jpg,0.8901790380477905,0.3,320,0.5,320,ok,False,False,../../runs/all_gaussian_fit_methods_matched_20260707/targets/COCO_train2014_000000000009.png,0.7470767498016357,160
24.364199317289977,,,640,130.43199157714844,3.60508131980896,10.595390319824219,0.7268846035003662,none,5,120,COCO_train2014_000000000009,0.00040602684020996094,500,500,,25.971271514892578,0.028794366866350174,160,gaussianimage_fixed_full,GaussianImage fixed,GaussianImage-style random fixed-count control; starts at the final cap and does not grow.,fixed-full,0.9794007539749146,0.0029611089266836643,640,0.10796801000833511,l1,25.28545570373535,../../runs/all_gaussian_fit_methods_matched_20260707/reconstructions/COCO_train2014_000000000009/640/seed1_gaussianimage_fixed_full.png,,,,,cuda,,,,,1,tests/test_images/COCO_train2014_000000000009.jpg,0.8928269743919373,0.3,320,0.5,640,ok,False,False,../../runs/all_gaussian_fit_methods_matched_20260707/targets/COCO_train2014_000000000009.png,0.7272906303405762,160
22.89305456654581,,,640,135.17135620117188,3.821157217025757,11.651935577392578,0.7494754791259766,residual_add,5,120,COCO_train2014_000000000009,0.0003056526184082031,500,500,,27.786691665649414,0.028866680338978767,160,gaussianimage_plus_residual,GaussianImage++ residual,GaussianImage++-style analogue: random half-budget start plus residual-add growth.,repo-growth,0.9809911251068115,0.002202491508796811,640,0.10313881188631058,l1,26.570858001708984,../../runs/all_gaussian_fit_methods_matched_20260707/reconstructions/COCO_train2014_000000000009/640/seed1_gaussianimage_plus_residual.png,,,,,cuda,,,,,1,tests/test_images/COCO_train2014_000000000009.jpg,0.8915358185768127,0.3,320,0.5,320,ok,False,False,../../runs/all_gaussian_fit_methods_matched_20260707/targets/COCO_train2014_000000000009.png,0.7497811317443848,160
23.360553278951702,,,640,160.00001525878906,3.9209065437316895,11.75590991973877,0.7542486190795898,residual_add,5,120,COCO_train2014_000000000009,0.0021812915802001953,500,500,,27.960765838623047,0.028119172900915146,160,image_gs_residual,Image-GS residual,Image-GS-style analogue: gradient-density random half-budget start plus residual-add growth.,repo-growth,0.9815300107002258,0.0020794752053916454,640,0.10079682618379593,l1,26.82046127319336,../../runs/all_gaussian_fit_methods_matched_20260707/reconstructions/COCO_train2014_000000000009/640/seed1_image_gs_residual.png,,,,,cuda,,,,,1,tests/test_images/COCO_train2014_000000000009.jpg,0.8940897583961487,0.3,320,0.5,320,ok,False,False,../../runs/all_gaussian_fit_methods_matched_20260707/targets/COCO_train2014_000000000009.png,0.75642991065979,160
24.057760153600352,,,640,160.00001525878906,4.4871368408203125,14.439111709594727,0.7287578582763672,residual_add,5,120,COCO_train2014_000000000009,0.03994607925415039,500,500,,28.362564086914062,0.027027489617466927,160,structsplat_onedge_residual,SS on-edge + residual,StructSplat on-edge initializer under the same residual-add growth as external analogues.,same-growth,0.9824092984199524,0.0019284974550828338,640,0.09712941944599152,l1,27.147809982299805,../../runs/all_gaussian_fit_methods_matched_20260707/reconstructions/COCO_train2014_000000000009/640/seed1_structsplat_onedge_residual.png,,,,,cuda,,,,,1,tests/test_images/COCO_train2014_000000000009.jpg,0.8993607759475708,0.3,320,0.5,320,ok,False,False,../../runs/all_gaussian_fit_methods_matched_20260707/targets/COCO_train2014_000000000009.png,0.7687039375305176,160
23.845841034141955,,,640,160.00001525878906,4.722339153289795,16.092533111572266,0.7763521671295166,residual_add+relocate,5,120,COCO_train2014_000000000009,0.0394289493560791,500,500,,27.99422264099121,0.02776043862104416,160,structsplat_onedge_residual_relocate,SS on-edge + residual relocate,StructSplat on-edge residual-add growth plus split-scheduled residual relocation.,same-growth+relocate,0.9819031953811646,0.0020541821140795946,640,0.09958447515964508,l1,26.873611450195312,../../runs/all_gaussian_fit_methods_matched_20260707/reconstructions/COCO_train2014_000000000009/640/seed1_structsplat_onedge_residual_relocate.png,16,0.25,4,at_split,cuda,,,,,1,tests/test_images/COCO_train2014_000000000009.jpg,0.896403968334198,0.3,320,0.5,320,ok,False,False,../../runs/all_gaussian_fit_methods_matched_20260707/targets/COCO_train2014_000000000009.png,0.8157811164855957,160
24.16773966366877,,12.0,640,12.0,2.8467233180999756,8.780426979064941,0.7458381652832031,residual_add,5,120,COCO_train2014_000000000009,0.04119277000427246,500,500,,28.47216796875,0.02654380351305008,160,structsplat_onedge_residual_featurecap,SS on-edge + residual feature cap,StructSplat on-edge residual-add growth with feature-adaptive per-Gaussian scale caps.,same-growth+feature-cap,0.982836902141571,0.0018339279340580106,640,0.09586624801158905,l1,27.366178512573242,../../runs/all_gaussian_fit_methods_matched_20260707/reconstructions/COCO_train2014_000000000009/640/seed1_structsplat_onedge_residual_featurecap.png,,,,,cuda,12.0,12.0,160.0,feature,1,tests/test_images/COCO_train2014_000000000009.jpg,0.9001373648643494,0.3,320,0.5,320,ok,False,False,../../runs/all_gaussian_fit_methods_matched_20260707/targets/COCO_train2014_000000000009.png,0.7870309352874756,160
24.082891310384134,,,640,160.00001525878906,4.866160869598389,15.591476440429688,0.7442178726196289,residual_tensor_add,5,120,COCO_train2014_000000000009,0.03930997848510742,500,500,,28.176708221435547,0.027437973767518997,160,structsplat_onedge_tensor,SS on-edge + tensor,StructSplat on-edge initializer plus tensor-aware residual growth.,tensor-growth,0.9823758602142334,0.0020059493836015463,640,0.09914153814315796,l1,26.976802825927734,../../runs/all_gaussian_fit_methods_matched_20260707/reconstructions/COCO_train2014_000000000009/640/seed1_structsplat_onedge_tensor.png,,,,,cuda,,,,,1,tests/test_images/COCO_train2014_000000000009.jpg,0.8992745280265808,0.3,320,0.5,320,ok,False,False,../../runs/all_gaussian_fit_methods_matched_20260707/targets/COCO_train2014_000000000009.png,0.7835278511047363,160
24.41771186759811,,12.0,640,12.0,2.945909023284912,9.671384811401367,0.7547454833984375,residual_tensor_add,5,120,COCO_train2014_000000000009,0.04084634780883789,500,500,,28.706167221069336,0.025816887617111206,160,structsplat_onedge_tensor_featurecap,SS on-edge + tensor feature cap,StructSplat on-edge tensor-aware residual growth with feature-adaptive scale caps.,tensor-growth+feature-cap,0.9836815595626831,0.0017416693735867739,640,0.09225639700889587,l1,27.590343475341797,../../runs/all_gaussian_fit_methods_matched_20260707/reconstructions/COCO_train2014_000000000009/640/seed1_structsplat_onedge_tensor_featurecap.png,,,,,cuda,12.0,12.0,160.0,feature,1,tests/test_images/COCO_train2014_000000000009.jpg,0.9048323631286621,0.3,320,0.5,320,ok,False,False,../../runs/all_gaussian_fit_methods_matched_20260707/targets/COCO_train2014_000000000009.png,0.7955918312072754,160
24.204418483382476,,,640,160.00001525878906,5.205921173095703,16.862455368041992,0.7444314956665039,residual_tensor_add,5,120,COCO_train2014_000000000009,0.03925609588623047,500,500,,28.304481506347656,0.027227412909269333,160,structsplat_flanking_tensor,SS flanking + tensor,StructSplat flanking initializer plus tensor-aware residual growth.,tensor-growth,0.9830957651138306,0.0019175270572304726,640,0.09749678522348404,l1,27.17258644104004,../../runs/all_gaussian_fit_methods_matched_20260707/reconstructions/COCO_train2014_000000000009/640/seed1_structsplat_flanking_tensor.png,,,,,cuda,,,,,1,tests/test_images/COCO_train2014_000000000009.jpg,0.9022177457809448,0.3,320,0.5,320,ok,False,False,../../runs/all_gaussian_fit_methods_matched_20260707/targets/COCO_train2014_000000000009.png,0.7836875915527344,160
23.961817289402106,,,640,160.00001525878906,4.224975109100342,14.413264274597168,0.7408702373504639,residual_add,5,120,COCO_train2014_000000000009,0.1012258529663086,500,500,,28.19460105895996,0.027175750583410263,160,structsplat_quadtree_wse_residual,SS qt-WSE + residual,StructSplat quadtree-WSE initializer under the same residual-add growth as external analogues.,same-growth,0.9823398590087891,0.001983045367524028,640,0.09807335585355759,l1,27.026674270629883,../../runs/all_gaussian_fit_methods_matched_20260707/reconstructions/COCO_train2014_000000000009/640/seed1_structsplat_quadtree_wse_residual.png,,,,,cuda,,,,,1,tests/test_images/COCO_train2014_000000000009.jpg,0.8983876705169678,0.3,320,0.5,320,ok,False,False,../../runs/all_gaussian_fit_methods_matched_20260707/targets/COCO_train2014_000000000009.png,0.8420960903167725,160
23.832237749157066,,,640,160.00001525878906,4.43316650390625,14.51193904876709,0.7791318893432617,residual_add+relocate,5,120,COCO_train2014_000000000009,0.10112261772155762,500,500,,27.974620819091797,0.028124505653977394,160,structsplat_quadtree_wse_residual_relocate,SS qt-WSE + residual relocate,StructSplat quadtree-WSE residual-add growth plus split-scheduled residual relocation.,same-growth+relocate,0.9804731607437134,0.0020626874174922705,640,0.10102278739213943,l1,26.855667114257812,../../runs/all_gaussian_fit_methods_matched_20260707/reconstructions/COCO_train2014_000000000009/640/seed1_structsplat_quadtree_wse_residual_relocate.png,16,0.25,4,at_split,cuda,,,,,1,tests/test_images/COCO_train2014_000000000009.jpg,0.8916462063789368,0.3,320,0.5,320,ok,False,False,../../runs/all_gaussian_fit_methods_matched_20260707/targets/COCO_train2014_000000000009.png,0.8802545070648193,160
24.106213347945282,,12.0,640,12.0,2.7672312259674072,8.795270919799805,0.7497737407684326,residual_add,5,120,COCO_train2014_000000000009,0.10132861137390137,500,500,,28.431838989257812,0.02662709169089794,160,structsplat_quadtree_wse_residual_featurecap,SS qt-WSE + residual feature cap,StructSplat quadtree-WSE residual-add growth with feature-adaptive scale caps.,same-growth+feature-cap,0.9832079410552979,0.0018876264803111553,640,0.09542767703533173,l1,27.240840911865234,../../runs/all_gaussian_fit_methods_matched_20260707/reconstructions/COCO_train2014_000000000009/640/seed1_structsplat_quadtree_wse_residual_featurecap.png,,,,,cuda,12.0,12.0,160.0,feature,1,tests/test_images/COCO_train2014_000000000009.jpg,0.9012417197227478,0.3,320,0.5,320,ok,False,False,../../runs/all_gaussian_fit_methods_matched_20260707/targets/COCO_train2014_000000000009.png,0.851102352142334,160
24.133301699567653,,,640,160.00001525878906,4.616889953613281,15.813477516174316,0.7432587146759033,residual_tensor_add,5,120,COCO_train2014_000000000009,0.1009819507598877,500,500,,28.3617000579834,0.02690489962697029,160,structsplat_quadtree_wse_tensor,SS qt-WSE + tensor,StructSplat quadtree-WSE initializer plus tensor-aware residual growth.,tensor-growth,0.9828331470489502,0.0018870732747018337,640,0.09713844954967499,l1,27.242115020751953,../../runs/all_gaussian_fit_methods_matched_20260707/reconstructions/COCO_train2014_000000000009/640/seed1_structsplat_quadtree_wse_tensor.png,,,,,cuda,,,,,1,tests/test_images/COCO_train2014_000000000009.jpg,0.9020410776138306,0.3,320,0.5,320,ok,False,False,../../runs/all_gaussian_fit_methods_matched_20260707/targets/COCO_train2014_000000000009.png,0.844240665435791,160
24.049083602691223,,12.0,640,12.0,2.9348042011260986,9.438924789428711,0.7531249523162842,residual_tensor_add,5,120,COCO_train2014_000000000009,0.10214757919311523,500,500,,28.274364471435547,0.02714829333126545,160,structsplat_quadtree_wse_tensor_featurecap,SS qt-WSE + tensor feature cap,StructSplat quadtree-WSE tensor-aware residual growth with feature-adaptive scale caps.,tensor-growth+feature-cap,0.9816545844078064,0.0019207106670364738,640,0.09803920984268188,l1,27.165382385253906,../../runs/all_gaussian_fit_methods_matched_20260707/reconstructions/COCO_train2014_000000000009/640/seed1_structsplat_quadtree_wse_tensor_featurecap.png,,,,,cuda,12.0,12.0,160.0,feature,1,tests/test_images/COCO_train2014_000000000009.jpg,0.8964018225669861,0.3,320,0.5,320,ok,False,False,../../runs/all_gaussian_fit_methods_matched_20260707/targets/COCO_train2014_000000000009.png,0.8552725315093994,160
24.075307225894356,,,640,142.19381713867188,4.670665740966797,14.902881622314453,0.734126091003418,residual_tensor_add,5,120,COCO_train2014_000000000009,0.04821443557739258,500,500,,28.11164093017578,0.027583841234445572,160,structsplat_quadtree_hybrid_tensor,SS qt-hybrid + tensor,StructSplat quadtree-hybrid initializer plus tensor-aware residual growth.,tensor-growth,0.9812660813331604,0.0020134395454078913,640,0.09993325918912888,l1,26.960617065429688,../../runs/all_gaussian_fit_methods_matched_20260707/reconstructions/COCO_train2014_000000000009/640/seed1_structsplat_quadtree_hybrid_tensor.png,,,,,cuda,,,,,1,tests/test_images/COCO_train2014_000000000009.jpg,0.8970902562141418,0.3,320,0.5,320,ok,False,False,../../runs/all_gaussian_fit_methods_matched_20260707/targets/COCO_train2014_000000000009.png,0.7823405265808105,160
23.29883924228156,,,640,129.66070556640625,5.16409158706665,18.745086669921875,0.7468571662902832,residual_tensor_add,5,120,COCO_train2014_000000000009,0.01995396614074707,500,500,,27.625850677490234,0.029280489310622215,160,floyd_steinberg_tensor,Floyd + tensor,Floyd-Steinberg placement control plus tensor-aware residual growth.,tensor-growth-control,0.9787864685058594,0.002196480054408312,640,0.1041669249534607,l1,26.582727432250977,../../runs/all_gaussian_fit_methods_matched_20260707/reconstructions/COCO_train2014_000000000009/640/seed1_floyd_steinberg_tensor.png,,,,,cuda,,,,,1,tests/test_images/COCO_train2014_000000000009.jpg,0.8868935108184814,0.3,320,0.5,320,ok,False,False,../../runs/all_gaussian_fit_methods_matched_20260707/targets/COCO_train2014_000000000009.png,0.7668111324310303,160
23.52575273838693,,,640,106.61693572998047,3.9184250831604004,13.207252502441406,0.7377300262451172,none,5,106,COCO_train2014_000000000025,0.000339508056640625,500,500,,24.784317016601562,0.03913222998380661,160,gaussianimage_fixed_full,GaussianImage fixed,GaussianImage-style random fixed-count control; starts at the final cap and does not grow.,fixed-full,0.9701974987983704,0.0034110131673514843,640,0.12281864136457443,l1,24.67116928100586,../../runs/all_gaussian_fit_methods_matched_20260707/reconstructions/COCO_train2014_000000000025/640/seed0_gaussianimage_fixed_full.png,,,,,cuda,,,,,0,tests/test_images/COCO_train2014_000000000025.jpg,0.8373215794563293,0.3,320,0.5,640,ok,False,False,../../runs/all_gaussian_fit_methods_matched_20260707/targets/COCO_train2014_000000000025.png,0.7380695343017578,160
22.576001874430624,,,640,145.6660919189453,4.370258331298828,15.287644386291504,0.7432746887207031,residual_add,5,106,COCO_train2014_000000000025,0.0010309219360351562,500,500,,25.3599853515625,0.038634043186903,160,gaussianimage_plus_residual,GaussianImage++ residual,GaussianImage++-style analogue: random half-budget start plus residual-add growth.,repo-growth,0.9688542485237122,0.0030103526078164577,640,0.11801071465015411,l1,25.213825225830078,../../runs/all_gaussian_fit_methods_matched_20260707/reconstructions/COCO_train2014_000000000025/640/seed0_gaussianimage_plus_residual.png,,,,,cuda,,,,,0,tests/test_images/COCO_train2014_000000000025.jpg,0.8259146809577942,0.3,320,0.5,320,ok,False,False,../../runs/all_gaussian_fit_methods_matched_20260707/targets/COCO_train2014_000000000025.png,0.7443056106567383,160
22.691470213070183,,,640,160.00001525878906,4.473654270172119,15.164900779724121,0.74629807472229,residual_add,5,106,COCO_train2014_000000000025,0.002216339111328125,500,500,,24.90968894958496,0.039168182760477066,160,image_gs_residual,Image-GS residual,Image-GS-style analogue: gradient-density random half-budget start plus residual-add growth.,repo-growth,0.9674068689346313,0.0033429262693971395,640,0.11984498798847198,l1,24.758731842041016,../../runs/all_gaussian_fit_methods_matched_20260707/reconstructions/COCO_train2014_000000000025/640/seed0_image_gs_residual.png,,,,,cuda,,,,,0,tests/test_images/COCO_train2014_000000000025.jpg,0.8252522945404053,0.3,320,0.5,320,ok,False,False,../../runs/all_gaussian_fit_methods_matched_20260707/targets/COCO_train2014_000000000025.png,0.7485144138336182,160
23.076242185068992,,,640,112.55178833007812,4.526265621185303,18.112262725830078,0.752831220626831,residual_add,5,106,COCO_train2014_000000000025,0.041577816009521484,500,500,,25.381587982177734,0.03843865916132927,160,structsplat_onedge_residual,SS on-edge + residual,StructSplat on-edge initializer under the same residual-add growth as external analogues.,same-growth,0.9674254059791565,0.0029949750751256943,640,0.1180012971162796,l1,25.23607063293457,../../runs/all_gaussian_fit_methods_matched_20260707/reconstructions/COCO_train2014_000000000025/640/seed0_structsplat_onedge_residual.png,,,,,cuda,,,,,0,tests/test_images/COCO_train2014_000000000025.jpg,0.8230668902397156,0.3,320,0.5,320,ok,False,False,../../runs/all_gaussian_fit_methods_matched_20260707/targets/COCO_train2014_000000000025.png,0.7944090366363525,160
22.940424833125725,,,640,150.99009704589844,4.817991733551025,18.62259864807129,0.757514476776123,residual_add+relocate,5,106,COCO_train2014_000000000025,0.03942513465881348,500,500,,25.21029281616211,0.03925791382789612,160,structsplat_onedge_residual_relocate,SS on-edge + residual relocate,StructSplat on-edge residual-add growth plus split-scheduled residual relocation.,same-growth+relocate,0.9646950364112854,0.003129549091681838,640,0.12052666395902634,l1,25.045183181762695,../../runs/all_gaussian_fit_methods_matched_20260707/reconstructions/COCO_train2014_000000000025/640/seed0_structsplat_onedge_residual_relocate.png,16,0.25,4,at_split,cuda,,,,,0,tests/test_images/COCO_train2014_000000000025.jpg,0.8194469213485718,0.3,320,0.5,320,ok,False,False,../../runs/all_gaussian_fit_methods_matched_20260707/targets/COCO_train2014_000000000025.png,0.7969396114349365,160
22.956641004176323,,12.0,640,12.0,2.4829304218292236,7.996053695678711,0.7629680633544922,residual_add,5,106,COCO_train2014_000000000025,0.040953636169433594,500,500,,25.18920135498047,0.03871214762330055,160,structsplat_onedge_residual_featurecap,SS on-edge + residual feature cap,StructSplat on-edge residual-add growth with feature-adaptive per-Gaussian scale caps.,same-growth+feature-cap,0.9644191861152649,0.0031036229338496923,640,0.11901925504207611,l1,25.081310272216797,../../runs/all_gaussian_fit_methods_matched_20260707/reconstructions/COCO_train2014_000000000025/640/seed0_structsplat_onedge_residual_featurecap.png,,,,,cuda,12.0,12.0,160.0,feature,0,tests/test_images/COCO_train2014_000000000025.jpg,0.8193965554237366,0.3,320,0.5,320,ok,False,False,../../runs/all_gaussian_fit_methods_matched_20260707/targets/COCO_train2014_000000000025.png,0.8039216995239258,160
23.01881280642951,,,640,153.36309814453125,5.132913589477539,18.239110946655273,0.7410497665405273,residual_tensor_add,5,106,COCO_train2014_000000000025,0.040190696716308594,500,500,,25.207674026489258,0.03924129530787468,160,structsplat_onedge_tensor,SS on-edge + tensor,StructSplat on-edge initializer plus tensor-aware residual growth.,tensor-growth,0.9659566879272461,0.003132050158455968,640,0.12014219909906387,l1,25.04171371459961,../../runs/all_gaussian_fit_methods_matched_20260707/reconstructions/COCO_train2014_000000000025/640/seed0_structsplat_onedge_tensor.png,,,,,cuda,,,,,0,tests/test_images/COCO_train2014_000000000025.jpg,0.8244712948799133,0.3,320,0.5,320,ok,False,False,../../runs/all_gaussian_fit_methods_matched_20260707/targets/COCO_train2014_000000000025.png,0.7812404632568359,160
23.139990957562098,,12.0,640,12.0,2.4538495540618896,7.660036563873291,0.7483198642730713,residual_tensor_add,5,106,COCO_train2014_000000000025,0.03908896446228027,500,500,,25.388381958007812,0.03799988701939583,160,structsplat_onedge_tensor_featurecap,SS on-edge + tensor feature cap,StructSplat on-edge tensor-aware residual growth with feature-adaptive scale caps.,tensor-growth+feature-cap,0.9655340909957886,0.002972927875816822,640,0.11595549434423447,l1,25.268157958984375,../../runs/all_gaussian_fit_methods_matched_20260707/reconstructions/COCO_train2014_000000000025/640/seed0_structsplat_onedge_tensor_featurecap.png,,,,,cuda,12.0,12.0,160.0,feature,0,tests/test_images/COCO_train2014_000000000025.jpg,0.8211596608161926,0.3,320,0.5,320,ok,False,False,../../runs/all_gaussian_fit_methods_matched_20260707/targets/COCO_train2014_000000000025.png,0.7874088287353516,160
23.014857404934382,,,640,156.31068420410156,5.451625823974609,20.857921600341797,0.7255709171295166,residual_tensor_add,5,106,COCO_train2014_000000000025,0.03951287269592285,500,500,,25.280256271362305,0.03900235518813133,160,structsplat_flanking_tensor,SS flanking + tensor,StructSplat flanking initializer plus tensor-aware residual growth.,tensor-growth,0.9673492908477783,0.003077136818319559,640,0.11837655305862427,l1,25.118532180786133,../../runs/all_gaussian_fit_methods_matched_20260707/reconstructions/COCO_train2014_000000000025/640/seed0_structsplat_flanking_tensor.png,,,,,cuda,,,,,0,tests/test_images/COCO_train2014_000000000025.jpg,0.8222566843032837,0.3,320,0.5,320,ok,False,False,../../runs/all_gaussian_fit_methods_matched_20260707/targets/COCO_train2014_000000000025.png,0.7650837898254395,160
22.85871133441199,,,640,160.00001525878906,4.525554180145264,16.993452072143555,0.7296910285949707,residual_add,5,106,COCO_train2014_000000000025,0.07898807525634766,500,500,,25.180866241455078,0.039344672113657,160,structsplat_quadtree_wse_residual,SS qt-WSE + residual,StructSplat quadtree-WSE initializer under the same residual-add growth as external analogues.,same-growth,0.9664226174354553,0.003131368663161993,640,0.1196037009358406,l1,25.04265785217285,../../runs/all_gaussian_fit_methods_matched_20260707/reconstructions/COCO_train2014_000000000025/640/seed0_structsplat_quadtree_wse_residual.png,,,,,cuda,,,,,0,tests/test_images/COCO_train2014_000000000025.jpg,0.8194471001625061,0.3,320,0.5,320,ok,False,False,../../runs/all_gaussian_fit_methods_matched_20260707/targets/COCO_train2014_000000000025.png,0.8086791038513184,160
22.75615776612429,,,640,160.00001525878906,4.805498123168945,17.4405517578125,0.7860102653503418,residual_add+relocate,5,106,COCO_train2014_000000000025,0.08282136917114258,500,500,,25.0980281829834,0.03982030227780342,160,structsplat_quadtree_wse_residual_relocate,SS qt-WSE + residual relocate,StructSplat quadtree-WSE residual-add growth plus split-scheduled residual relocation.,same-growth+relocate,0.9658482670783997,0.0031925111543387175,640,0.1214214637875557,l1,24.958677291870117,../../runs/all_gaussian_fit_methods_matched_20260707/reconstructions/COCO_train2014_000000000025/640/seed0_structsplat_quadtree_wse_residual_relocate.png,16,0.25,4,at_split,cuda,,,,,0,tests/test_images/COCO_train2014_000000000025.jpg,0.8189665675163269,0.3,320,0.5,320,ok,False,False,../../runs/all_gaussian_fit_methods_matched_20260707/targets/COCO_train2014_000000000025.png,0.8688316345214844,160
22.933426809215355,,12.0,640,12.0,2.521615743637085,7.756896018981934,0.742896556854248,residual_add,5,106,COCO_train2014_000000000025,0.0816352367401123,500,500,,25.04538345336914,0.03902633115649223,160,structsplat_quadtree_wse_residual_featurecap,SS qt-WSE + residual feature cap,StructSplat quadtree-WSE residual-add growth with feature-adaptive scale caps.,same-growth+feature-cap,0.9636836647987366,0.003235022770240903,640,0.11909257620573044,l1,24.901227951049805,../../runs/all_gaussian_fit_methods_matched_20260707/reconstructions/COCO_train2014_000000000025/640/seed0_structsplat_quadtree_wse_residual_featurecap.png,,,,,cuda,12.0,12.0,160.0,feature,0,tests/test_images/COCO_train2014_000000000025.jpg,0.8174326419830322,0.3,320,0.5,320,ok,False,False,../../runs/all_gaussian_fit_methods_matched_20260707/targets/COCO_train2014_000000000025.png,0.8245317935943604,160
22.782748656186886,,,640,160.00001525878906,5.632453441619873,19.466049194335938,0.7530832290649414,residual_tensor_add,5,106,COCO_train2014_000000000025,0.08093142509460449,500,500,,24.893566131591797,0.040380965918302536,160,structsplat_quadtree_wse_tensor,SS qt-WSE + tensor,StructSplat quadtree-WSE initializer plus tensor-aware residual growth.,tensor-growth,0.9628308415412903,0.0033273668959736824,640,0.12330588698387146,l1,24.778993606567383,../../runs/all_gaussian_fit_methods_matched_20260707/reconstructions/COCO_train2014_000000000025/640/seed0_structsplat_quadtree_wse_tensor.png,,,,,cuda,,,,,0,tests/test_images/COCO_train2014_000000000025.jpg,0.8121588230133057,0.3,320,0.5,320,ok,False,False,../../runs/all_gaussian_fit_methods_matched_20260707/targets/COCO_train2014_000000000025.png,0.8340146541595459,160
23.05774764594191,,12.0,640,12.0,2.6429121494293213,8.54311466217041,0.7935450077056885,residual_tensor_add,5,106,COCO_train2014_000000000025,0.08340764045715332,500,500,,25.120235443115234,0.039335764944553375,160,structsplat_quadtree_wse_tensor_featurecap,SS qt-WSE + tensor feature cap,StructSplat quadtree-WSE tensor-aware residual growth with feature-adaptive scale caps.,tensor-growth+feature-cap,0.9637218713760376,0.003167706774547696,640,0.12063297629356384,l1,24.992551803588867,../../runs/all_gaussian_fit_methods_matched_20260707/reconstructions/COCO_train2014_000000000025/640/seed0_structsplat_quadtree_wse_tensor_featurecap.png,,,,,cuda,12.0,12.0,160.0,feature,0,tests/test_images/COCO_train2014_000000000025.jpg,0.8147370219230652,0.3,320,0.5,320,ok,False,False,../../runs/all_gaussian_fit_methods_matched_20260707/targets/COCO_train2014_000000000025.png,0.8769526481628418,160
23.077816848525543,,,640,160.00001525878906,5.788995265960693,22.764331817626953,0.7462306022644043,residual_tensor_add,5,106,COCO_train2014_000000000025,0.0478665828704834,500,500,,25.388853073120117,0.03861227259039879,160,structsplat_quadtree_hybrid_tensor,SS qt-hybrid + tensor,StructSplat quadtree-hybrid initializer plus tensor-aware residual growth.,tensor-growth,0.967544436454773,0.0030062315054237843,640,0.11790276318788528,l1,25.219776153564453,../../runs/all_gaussian_fit_methods_matched_20260707/reconstructions/COCO_train2014_000000000025/640/seed0_structsplat_quadtree_hybrid_tensor.png,,,,,cuda,,,,,0,tests/test_images/COCO_train2014_000000000025.jpg,0.8273724317550659,0.3,320,0.5,320,ok,False,False,../../runs/all_gaussian_fit_methods_matched_20260707/targets/COCO_train2014_000000000025.png,0.7940971851348877,160
22.811058892993508,,,640,160.00001525878906,6.2626800537109375,25.08294105529785,0.7317800521850586,residual_tensor_add,5,106,COCO_train2014_000000000025,0.019343137741088867,500,500,,25.02290916442871,0.04024612158536911,160,floyd_steinberg_tensor,Floyd + tensor,Floyd-Steinberg placement control plus tensor-aware residual growth.,tensor-growth-control,0.9647332429885864,0.003250294364988804,640,0.12130480259656906,l1,24.880773544311523,../../runs/all_gaussian_fit_methods_matched_20260707/reconstructions/COCO_train2014_000000000025/640/seed0_floyd_steinberg_tensor.png,,,,,cuda,,,,,0,tests/test_images/COCO_train2014_000000000025.jpg,0.8123077750205994,0.3,320,0.5,320,ok,False,False,../../runs/all_gaussian_fit_methods_matched_20260707/targets/COCO_train2014_000000000025.png,0.7511231899261475,160
23.447414017870337,,,640,131.31077575683594,4.06913948059082,13.137660026550293,0.736863374710083,none,5,106,COCO_train2014_000000000025,0.0011115074157714844,500,500,,24.712203979492188,0.039135780185461044,160,gaussianimage_fixed_full,GaussianImage fixed,GaussianImage-style random fixed-count control; starts at the final cap and does not grow.,fixed-full,0.9676427841186523,0.003496520919725299,640,0.12362326681613922,l1,24.56363868713379,../../runs/all_gaussian_fit_methods_matched_20260707/reconstructions/COCO_train2014_000000000025/640/seed1_gaussianimage_fixed_full.png,,,,,cuda,,,,,1,tests/test_images/COCO_train2014_000000000025.jpg,0.8328668475151062,0.3,320,0.5,640,ok,False,False,../../runs/all_gaussian_fit_methods_matched_20260707/targets/COCO_train2014_000000000025.png,0.7379748821258545,160
22.447292593533625,,,640,160.00001525878906,4.9458909034729,17.363128662109375,0.7433121204376221,residual_add,5,106,COCO_train2014_000000000025,0.00039887428283691406,500,500,,25.16524887084961,0.03960457444190979,160,gaussianimage_plus_residual,GaussianImage++ residual,GaussianImage++-style analogue: random half-budget start plus residual-add growth.,repo-growth,0.9661051630973816,0.003152299439534545,640,0.12089795619249344,l1,25.01372528076172,../../runs/all_gaussian_fit_methods_matched_20260707/reconstructions/COCO_train2014_000000000025/640/seed1_gaussianimage_plus_residual.png,,,,,cuda,,,,,1,tests/test_images/COCO_train2014_000000000025.jpg,0.8212230205535889,0.3,320,0.5,320,ok,False,False,../../runs/all_gaussian_fit_methods_matched_20260707/targets/COCO_train2014_000000000025.png,0.743710994720459,160
22.584844057927867,,,640,160.00001525878906,4.549487590789795,16.844581604003906,0.7490494251251221,residual_add,5,106,COCO_train2014_000000000025,0.0035381317138671875,500,500,,25.24203872680664,0.039014462381601334,160,image_gs_residual,Image-GS residual,Image-GS-style analogue: gradient-density random half-budget start plus residual-add growth.,repo-growth,0.9678410887718201,0.0030958738643676043,640,0.12010037899017334,l1,25.092166900634766,../../runs/all_gaussian_fit_methods_matched_20260707/reconstructions/COCO_train2014_000000000025/640/seed1_image_gs_residual.png,,,,,cuda,,,,,1,tests/test_images/COCO_train2014_000000000025.jpg,0.8249584436416626,0.3,320,0.5,320,ok,False,False,../../runs/all_gaussian_fit_methods_matched_20260707/targets/COCO_train2014_000000000025.png,0.7525875568389893,160
22.952528793013883,,,640,160.00001525878906,4.847001552581787,18.664127349853516,0.7399411201477051,residual_add,5,106,COCO_train2014_000000000025,0.042682647705078125,500,500,,25.256519317626953,0.03900592029094696,160,structsplat_onedge_residual,SS on-edge + residual,StructSplat on-edge initializer under the same residual-add growth as external analogues.,same-growth,0.9659819006919861,0.003070819890126586,640,0.11919403821229935,l1,25.127456665039062,../../runs/all_gaussian_fit_methods_matched_20260707/reconstructions/COCO_train2014_000000000025/640/seed1_structsplat_onedge_residual.png,,,,,cuda,,,,,1,tests/test_images/COCO_train2014_000000000025.jpg,0.8223384022712708,0.3,320,0.5,320,ok,False,False,../../runs/all_gaussian_fit_methods_matched_20260707/targets/COCO_train2014_000000000025.png,0.7826237678527832,160
22.79757681447184,,,640,159.07122802734375,5.1823930740356445,19.727542877197266,0.7819268703460693,residual_add+relocate,5,106,COCO_train2014_000000000025,0.03949308395385742,500,500,,25.005157470703125,0.04016619920730591,160,structsplat_onedge_residual_relocate,SS on-edge + residual relocate,StructSplat on-edge residual-add growth plus split-scheduled residual relocation.,same-growth+relocate,0.965179979801178,0.003251353045925498,640,0.12259706109762192,l1,24.879358291625977,../../runs/all_gaussian_fit_methods_matched_20260707/reconstructions/COCO_train2014_000000000025/640/seed1_structsplat_onedge_residual_relocate.png,16,0.25,4,at_split,cuda,,,,,1,tests/test_images/COCO_train2014_000000000025.jpg,0.8164345622062683,0.3,320,0.5,320,ok,False,False,../../runs/all_gaussian_fit_methods_matched_20260707/targets/COCO_train2014_000000000025.png,0.8214199542999268,160
22.994627407891954,,12.0,640,12.0,2.5948150157928467,7.8189873695373535,0.7366378307342529,residual_add,5,106,COCO_train2014_000000000025,0.03741312026977539,500,500,,25.29909324645996,0.03862358257174492,160,structsplat_onedge_residual_featurecap,SS on-edge + residual feature cap,StructSplat on-edge residual-add growth with feature-adaptive per-Gaussian scale caps.,same-growth+feature-cap,0.9659568667411804,0.003036918817088008,640,0.11760207265615463,l1,25.175668716430664,../../runs/all_gaussian_fit_methods_matched_20260707/reconstructions/COCO_train2014_000000000025/640/seed1_structsplat_onedge_residual_featurecap.png,,,,,cuda,12.0,12.0,160.0,feature,1,tests/test_images/COCO_train2014_000000000025.jpg,0.8178892731666565,0.3,320,0.5,320,ok,False,False,../../runs/all_gaussian_fit_methods_matched_20260707/targets/COCO_train2014_000000000025.png,0.7740509510040283,160
22.955832951532336,,,640,160.00001525878906,5.502117156982422,18.505916595458984,0.7451131343841553,residual_tensor_add,5,106,COCO_train2014_000000000025,0.03868579864501953,500,500,,25.09210205078125,0.039631009101867676,160,structsplat_onedge_tensor,SS on-edge + tensor,StructSplat on-edge initializer plus tensor-aware residual growth.,tensor-growth,0.965484082698822,0.0031777825206518173,640,0.12106265127658844,l1,24.978759765625,../../runs/all_gaussian_fit_methods_matched_20260707/reconstructions/COCO_train2014_000000000025/640/seed1_structsplat_onedge_tensor.png,,,,,cuda,,,,,1,tests/test_images/COCO_train2014_000000000025.jpg,0.8181049227714539,0.3,320,0.5,320,ok,False,False,../../runs/all_gaussian_fit_methods_matched_20260707/targets/COCO_train2014_000000000025.png,0.7837989330291748,160
23.124457523674668,,12.0,640,12.0,2.601916551589966,8.338712692260742,0.7547099590301514,residual_tensor_add,5,106,COCO_train2014_000000000025,0.04267168045043945,500,500,,25.35312843322754,0.038720667362213135,160,structsplat_onedge_tensor_featurecap,SS on-edge + tensor feature cap,StructSplat on-edge tensor-aware residual growth with feature-adaptive scale caps.,tensor-growth+feature-cap,0.9648417830467224,0.0030223906505852938,640,0.1174532100558281,l1,25.196495056152344,../../runs/all_gaussian_fit_methods_matched_20260707/reconstructions/COCO_train2014_000000000025/640/seed1_structsplat_onedge_tensor_featurecap.png,,,,,cuda,12.0,12.0,160.0,feature,1,tests/test_images/COCO_train2014_000000000025.jpg,0.8176373839378357,0.3,320,0.5,320,ok,False,False,../../runs/all_gaussian_fit_methods_matched_20260707/targets/COCO_train2014_000000000025.png,0.7973816394805908,160
22.976216310489633,,,640,160.00001525878906,5.397904872894287,18.50555992126465,0.7396478652954102,residual_tensor_add,5,106,COCO_train2014_000000000025,0.0403745174407959,500,500,,25.179521560668945,0.03924043849110603,160,structsplat_flanking_tensor,SS flanking + tensor,StructSplat flanking initializer plus tensor-aware residual growth.,tensor-growth,0.9664116501808167,0.003134089754894376,640,0.11986874788999557,l1,25.03888702392578,../../runs/all_gaussian_fit_methods_matched_20260707/reconstructions/COCO_train2014_000000000025/640/seed1_structsplat_flanking_tensor.png,,,,,cuda,,,,,1,tests/test_images/COCO_train2014_000000000025.jpg,0.8192930817604065,0.3,320,0.5,320,ok,False,False,../../runs/all_gaussian_fit_methods_matched_20260707/targets/COCO_train2014_000000000025.png,0.780022382736206,160
23.027075952900674,,,640,160.00001525878906,5.061436653137207,19.207761764526367,0.7431025505065918,residual_add,5,106,COCO_train2014_000000000025,0.07972168922424316,500,500,,25.349853515625,0.03855149447917938,160,structsplat_quadtree_wse_residual,SS qt-WSE + residual,StructSplat quadtree-WSE initializer under the same residual-add growth as external analogues.,same-growth,0.9685514569282532,0.0030063155572861433,640,0.11757390201091766,l1,25.219654083251953,../../runs/all_gaussian_fit_methods_matched_20260707/reconstructions/COCO_train2014_000000000025/640/seed1_structsplat_quadtree_wse_residual.png,,,,,cuda,,,,,1,tests/test_images/COCO_train2014_000000000025.jpg,0.8232623934745789,0.3,320,0.5,320,ok,False,False,../../runs/all_gaussian_fit_methods_matched_20260707/targets/COCO_train2014_000000000025.png,0.822824239730835,160
22.901457035469864,,,640,160.00001525878906,5.225377082824707,20.027544021606445,0.7907500267028809,residual_add+relocate,5,106,COCO_train2014_000000000025,0.0789191722869873,500,500,,25.16522216796875,0.03947640582919121,160,structsplat_quadtree_wse_residual_relocate,SS qt-WSE + residual relocate,StructSplat quadtree-WSE residual-add growth plus split-scheduled residual relocation.,same-growth+relocate,0.967494010925293,0.0031268869061022997,640,0.11875542253255844,l1,25.048877716064453,../../runs/all_gaussian_fit_methods_matched_20260707/reconstructions/COCO_train2014_000000000025/640/seed1_structsplat_quadtree_wse_residual_relocate.png,16,0.25,4,at_split,cuda,,,,,1,tests/test_images/COCO_train2014_000000000025.jpg,0.8223696947097778,0.3,320,0.5,320,ok,False,False,../../runs/all_gaussian_fit_methods_matched_20260707/targets/COCO_train2014_000000000025.png,0.8696691989898682,160
22.966466597899167,,12.0,640,12.0,2.5861809253692627,8.3104248046875,0.7498090267181396,residual_add,5,106,COCO_train2014_000000000025,0.08001518249511719,500,500,,25.406749725341797,0.038264088332653046,160,structsplat_quadtree_wse_residual_featurecap,SS qt-WSE + residual feature cap,StructSplat quadtree-WSE residual-add growth with feature-adaptive scale caps.,same-growth+feature-cap,0.966303825378418,0.002964503364637494,640,0.11686361581087112,l1,25.28048324584961,../../runs/all_gaussian_fit_methods_matched_20260707/reconstructions/COCO_train2014_000000000025/640/seed1_structsplat_quadtree_wse_residual_featurecap.png,,,,,cuda,12.0,12.0,160.0,feature,1,tests/test_images/COCO_train2014_000000000025.jpg,0.8198056817054749,0.3,320,0.5,320,ok,False,False,../../runs/all_gaussian_fit_methods_matched_20260707/targets/COCO_train2014_000000000025.png,0.8298242092132568,160
23.050598094840804,,,640,160.00001525878906,6.017874717712402,22.122520446777344,0.7300431728363037,residual_tensor_add,5,106,COCO_train2014_000000000025,0.08014607429504395,500,500,,25.22770118713379,0.039417147636413574,160,structsplat_quadtree_wse_tensor,SS qt-WSE + tensor,StructSplat quadtree-WSE initializer plus tensor-aware residual growth.,tensor-growth,0.9668827652931213,0.003095099003985524,640,0.11933360248804092,l1,25.09325408935547,../../runs/all_gaussian_fit_methods_matched_20260707/reconstructions/COCO_train2014_000000000025/640/seed1_structsplat_quadtree_wse_tensor.png,,,,,cuda,,,,,1,tests/test_images/COCO_train2014_000000000025.jpg,0.8203960061073303,0.3,320,0.5,320,ok,False,False,../../runs/all_gaussian_fit_methods_matched_20260707/targets/COCO_train2014_000000000025.png,0.8101892471313477,160
23.05163378323725,,12.0,640,12.0,2.677741289138794,9.192550659179688,0.7439088821411133,residual_tensor_add,5,106,COCO_train2014_000000000025,0.08054280281066895,500,500,,25.30876922607422,0.038545019924640656,160,structsplat_quadtree_wse_tensor_featurecap,SS qt-WSE + tensor feature cap,StructSplat quadtree-WSE tensor-aware residual growth with feature-adaptive scale caps.,tensor-growth+feature-cap,0.964942991733551,0.003048147074878216,640,0.11813169717788696,l1,25.159643173217773,../../runs/all_gaussian_fit_methods_matched_20260707/reconstructions/COCO_train2014_000000000025/640/seed1_structsplat_quadtree_wse_tensor_featurecap.png,,,,,cuda,12.0,12.0,160.0,feature,1,tests/test_images/COCO_train2014_000000000025.jpg,0.8172231912612915,0.3,320,0.5,320,ok,False,False,../../runs/all_gaussian_fit_methods_matched_20260707/targets/COCO_train2014_000000000025.png,0.8244516849517822,160
22.913939818112787,,,640,160.00001525878906,5.500340461730957,20.22370719909668,0.7385222911834717,residual_tensor_add,5,106,COCO_train2014_000000000025,0.05045199394226074,500,500,,25.14342498779297,0.03950696066021919,160,structsplat_quadtree_hybrid_tensor,SS qt-hybrid + tensor,StructSplat quadtree-hybrid initializer plus tensor-aware residual growth.,tensor-growth,0.9660717248916626,0.003162429900839925,640,0.12065200507640839,l1,24.99979019165039,../../runs/all_gaussian_fit_methods_matched_20260707/reconstructions/COCO_train2014_000000000025/640/seed1_structsplat_quadtree_hybrid_tensor.png,,,,,cuda,,,,,1,tests/test_images/COCO_train2014_000000000025.jpg,0.8185949325561523,0.3,320,0.5,320,ok,False,False,../../runs/all_gaussian_fit_methods_matched_20260707/targets/COCO_train2014_000000000025.png,0.7889742851257324,160
22.839201506727445,,,640,157.5970458984375,6.338837146759033,25.367467880249023,0.7561211585998535,residual_tensor_add,5,106,COCO_train2014_000000000025,0.01847243309020996,500,500,,25.124515533447266,0.039916496723890305,160,floyd_steinberg_tensor,Floyd + tensor,Floyd-Steinberg placement control plus tensor-aware residual growth.,tensor-growth-control,0.9647608995437622,0.0031809057109057903,640,0.12099207937717438,l1,24.97449493408203,../../runs/all_gaussian_fit_methods_matched_20260707/reconstructions/COCO_train2014_000000000025/640/seed1_floyd_steinberg_tensor.png,,,,,cuda,,,,,1,tests/test_images/COCO_train2014_000000000025.jpg,0.8190363645553589,0.3,320,0.5,320,ok,False,False,../../runs/all_gaussian_fit_methods_matched_20260707/targets/COCO_train2014_000000000025.png,0.7745935916900635,160
29.298750527636084,,,640,160.00001525878906,5.142764091491699,15.73687744140625,0.742260217666626,none,5,107,COCO_train2014_000000000030,0.0003790855407714844,500,500,,32.446128845214844,0.01339045725762844,160,gaussianimage_fixed_full,GaussianImage fixed,GaussianImage-style random fixed-count control; starts at the final cap and does not grow.,fixed-full,0.9938457608222961,0.0007395868888124824,640,0.053750813007354736,l1,31.310108184814453,../../runs/all_gaussian_fit_methods_matched_20260707/reconstructions/COCO_train2014_000000000030/640/seed0_gaussianimage_fixed_full.png,,,,,cuda,,,,,0,tests/test_images/COCO_train2014_000000000030.jpg,0.9585921764373779,0.3,320,0.5,640,ok,False,False,../../runs/all_gaussian_fit_methods_matched_20260707/targets/COCO_train2014_000000000030.png,0.7426393032073975,160
28.296312506069878,,,640,160.00001525878906,4.91536283493042,16.70326805114746,0.730541467666626,residual_add,5,107,COCO_train2014_000000000030,0.0003123283386230469,500,500,,34.29984664916992,0.013300217688083649,160,gaussianimage_plus_residual,GaussianImage++ residual,GaussianImage++-style analogue: random half-budget start plus residual-add growth.,repo-growth,0.9933218359947205,0.0004949485301040113,640,0.04746323078870773,l1,33.05439758300781,../../runs/all_gaussian_fit_methods_matched_20260707/reconstructions/COCO_train2014_000000000030/640/seed0_gaussianimage_plus_residual.png,,,,,cuda,,,,,0,tests/test_images/COCO_train2014_000000000030.jpg,0.9571614265441895,0.3,320,0.5,320,ok,False,False,../../runs/all_gaussian_fit_methods_matched_20260707/targets/COCO_train2014_000000000030.png,0.730853796005249,160
28.75367497155566,,,640,142.14012145996094,4.47705602645874,12.365873336791992,0.755687952041626,residual_add,5,107,COCO_train2014_000000000030,0.0020301342010498047,500,500,,34.37760543823242,0.01320606004446745,160,image_gs_residual,Image-GS residual,Image-GS-style analogue: gradient-density random half-budget start plus residual-add growth.,repo-growth,0.992368757724762,0.00047972743050195277,640,0.046574126929044724,l1,33.19005584716797,../../runs/all_gaussian_fit_methods_matched_20260707/reconstructions/COCO_train2014_000000000030/640/seed0_image_gs_residual.png,,,,,cuda,,,,,0,tests/test_images/COCO_train2014_000000000030.jpg,0.9536473751068115,0.3,320,0.5,320,ok,False,False,../../runs/all_gaussian_fit_methods_matched_20260707/targets/COCO_train2014_000000000030.png,0.7577180862426758,160
29.335266711477765,,,640,160.00001525878906,5.773107528686523,18.964384078979492,0.7394218444824219,residual_add,5,107,COCO_train2014_000000000030,0.04698967933654785,500,500,,34.50999450683594,0.013277198188006878,160,structsplat_onedge_residual,SS on-edge + residual,StructSplat on-edge initializer under the same residual-add growth as external analogues.,same-growth,0.9922456741333008,0.0004766355559695512,640,0.04591049253940582,l1,33.218135833740234,../../runs/all_gaussian_fit_methods_matched_20260707/reconstructions/COCO_train2014_000000000030/640/seed0_structsplat_onedge_residual.png,,,,,cuda,,,,,0,tests/test_images/COCO_train2014_000000000030.jpg,0.9533249735832214,0.3,320,0.5,320,ok,False,False,../../runs/all_gaussian_fit_methods_matched_20260707/targets/COCO_train2014_000000000030.png,0.7864115238189697,160
29.053227252616193,,,640,160.00001525878906,5.875565528869629,19.114551544189453,0.788153886795044,residual_add+relocate,5,107,COCO_train2014_000000000030,0.04599189758300781,500,500,,34.17877197265625,0.013730620965361595,160,structsplat_onedge_residual_relocate,SS on-edge + residual relocate,StructSplat on-edge residual-add growth plus split-scheduled residual relocation.,same-growth+relocate,0.9917221069335938,0.000509075412992388,640,0.048438724130392075,l1,32.93217849731445,../../runs/all_gaussian_fit_methods_matched_20260707/reconstructions/COCO_train2014_000000000030/640/seed0_structsplat_onedge_residual_relocate.png,16,0.25,4,at_split,cuda,,,,,0,tests/test_images/COCO_train2014_000000000030.jpg,0.9518626928329468,0.3,320,0.5,320,ok,False,False,../../runs/all_gaussian_fit_methods_matched_20260707/targets/COCO_train2014_000000000030.png,0.8341457843780518,160
29.42987060737992,,12.0,640,12.0,2.956918954849243,9.447951316833496,0.7601821422576904,residual_add,5,107,COCO_train2014_000000000030,0.0431981086730957,500,500,,34.676734924316406,0.01325176190584898,160,structsplat_onedge_residual_featurecap,SS on-edge + residual feature cap,StructSplat on-edge residual-add growth with feature-adaptive per-Gaussian scale caps.,same-growth+feature-cap,0.9911137223243713,0.00046058380394242704,640,0.04534543305635452,l1,33.366912841796875,../../runs/all_gaussian_fit_methods_matched_20260707/reconstructions/COCO_train2014_000000000030/640/seed0_structsplat_onedge_residual_featurecap.png,,,,,cuda,12.0,12.0,160.0,feature,0,tests/test_images/COCO_train2014_000000000030.jpg,0.9516727328300476,0.3,320,0.5,320,ok,False,False,../../runs/all_gaussian_fit_methods_matched_20260707/targets/COCO_train2014_000000000030.png,0.8033802509307861,160
29.251360855026093,,,640,160.00001525878906,6.218875885009766,19.210304260253906,0.732452392578125,residual_tensor_add,5,107,COCO_train2014_000000000030,0.04421544075012207,500,500,,33.91498947143555,0.013926394283771515,160,structsplat_onedge_tensor,SS on-edge + tensor,StructSplat on-edge initializer plus tensor-aware residual growth.,tensor-growth,0.9919047355651855,0.0005391074228100479,640,0.049060601741075516,l1,32.683250427246094,../../runs/all_gaussian_fit_methods_matched_20260707/reconstructions/COCO_train2014_000000000030/640/seed0_structsplat_onedge_tensor.png,,,,,cuda,,,,,0,tests/test_images/COCO_train2014_000000000030.jpg,0.9520925283432007,0.3,320,0.5,320,ok,False,False,../../runs/all_gaussian_fit_methods_matched_20260707/targets/COCO_train2014_000000000030.png,0.7766678333282471,160
29.97986469574586,,12.0,640,12.0,3.0225002765655518,9.609760284423828,0.7462184429168701,residual_tensor_add,5,107,COCO_train2014_000000000030,0.0443265438079834,500,500,,35.46625518798828,0.012600347399711609,160,structsplat_onedge_tensor_featurecap,SS on-edge + tensor feature cap,StructSplat on-edge tensor-aware residual growth with feature-adaptive scale caps.,tensor-growth+feature-cap,0.9912534952163696,0.0003902262251358479,640,0.04214585945010185,l1,34.08683395385742,../../runs/all_gaussian_fit_methods_matched_20260707/reconstructions/COCO_train2014_000000000030/640/seed0_structsplat_onedge_tensor_featurecap.png,,,,,cuda,12.0,12.0,160.0,feature,0,tests/test_images/COCO_train2014_000000000030.jpg,0.9531869292259216,0.3,320,0.5,320,ok,False,False,../../runs/all_gaussian_fit_methods_matched_20260707/targets/COCO_train2014_000000000030.png,0.7905449867248535,160
29.278366461545527,,,640,160.00001525878906,6.3583664894104,19.678112030029297,0.7353978157043457,residual_tensor_add,5,107,COCO_train2014_000000000030,0.042743682861328125,500,500,,33.93318557739258,0.013888547196984291,160,structsplat_flanking_tensor,SS flanking + tensor,StructSplat flanking initializer plus tensor-aware residual growth.,tensor-growth,0.9915801882743835,0.000538296066224575,640,0.048921938985586166,l1,32.689788818359375,../../runs/all_gaussian_fit_methods_matched_20260707/reconstructions/COCO_train2014_000000000030/640/seed0_structsplat_flanking_tensor.png,,,,,cuda,,,,,0,tests/test_images/COCO_train2014_000000000030.jpg,0.950760543346405,0.3,320,0.5,320,ok,False,False,../../runs/all_gaussian_fit_methods_matched_20260707/targets/COCO_train2014_000000000030.png,0.7781414985656738,160
29.355834439187824,,,640,160.00001525878906,5.78153133392334,18.791128158569336,0.7354128360748291,residual_add,5,107,COCO_train2014_000000000030,0.11241436004638672,500,500,,34.40089797973633,0.013310535810887814,160,structsplat_quadtree_wse_residual,SS qt-WSE + residual,StructSplat quadtree-WSE initializer under the same residual-add growth as external analogues.,same-growth,0.9916318655014038,0.0004829893878195435,640,0.04651636257767677,l1,33.16062545776367,../../runs/all_gaussian_fit_methods_matched_20260707/reconstructions/COCO_train2014_000000000030/640/seed0_structsplat_quadtree_wse_residual.png,,,,,cuda,,,,,0,tests/test_images/COCO_train2014_000000000030.jpg,0.9532727003097534,0.3,320,0.5,320,ok,False,False,../../runs/all_gaussian_fit_methods_matched_20260707/targets/COCO_train2014_000000000030.png,0.8478271961212158,160
29.05707622482208,,,640,160.00001525878906,5.896792411804199,18.620933532714844,0.8104867935180664,residual_add+relocate,5,107,COCO_train2014_000000000030,0.11296343803405762,500,500,,33.995479583740234,0.01377591211348772,160,structsplat_quadtree_wse_residual_relocate,SS qt-WSE + residual relocate,StructSplat quadtree-WSE residual-add growth plus split-scheduled residual relocation.,same-growth+relocate,0.9917211532592773,0.0005190480733290315,640,0.04738391190767288,l1,32.84792709350586,../../runs/all_gaussian_fit_methods_matched_20260707/reconstructions/COCO_train2014_000000000030/640/seed0_structsplat_quadtree_wse_residual_relocate.png,16,0.25,4,at_split,cuda,,,,,0,tests/test_images/COCO_train2014_000000000030.jpg,0.9522985219955444,0.3,320,0.5,320,ok,False,False,../../runs/all_gaussian_fit_methods_matched_20260707/targets/COCO_train2014_000000000030.png,0.923450231552124,160
29.571258214289298,,12.0,640,12.0,2.9488186836242676,9.343157768249512,0.7546088695526123,residual_add,5,107,COCO_train2014_000000000030,0.11109519004821777,500,500,,34.36997604370117,0.0134584940969944,160,structsplat_quadtree_wse_residual_featurecap,SS qt-WSE + residual feature cap,StructSplat quadtree-WSE residual-add growth with feature-adaptive scale caps.,same-growth+feature-cap,0.990144670009613,0.00047631788766011596,640,0.04580330476164818,l1,33.221031188964844,../../runs/all_gaussian_fit_methods_matched_20260707/reconstructions/COCO_train2014_000000000030/640/seed0_structsplat_quadtree_wse_residual_featurecap.png,,,,,cuda,12.0,12.0,160.0,feature,0,tests/test_images/COCO_train2014_000000000030.jpg,0.9494729042053223,0.3,320,0.5,320,ok,False,False,../../runs/all_gaussian_fit_methods_matched_20260707/targets/COCO_train2014_000000000030.png,0.8657040596008301,160
29.31364163224826,,,640,160.00001525878906,6.112435340881348,18.441898345947266,0.7538175582885742,residual_tensor_add,5,107,COCO_train2014_000000000030,0.11114621162414551,500,500,,34.37757110595703,0.013456642627716064,160,structsplat_quadtree_wse_tensor,SS qt-WSE + tensor,StructSplat quadtree-WSE initializer plus tensor-aware residual growth.,tensor-growth,0.9923082590103149,0.0004973281174898148,640,0.047459688037633896,l1,33.0335693359375,../../runs/all_gaussian_fit_methods_matched_20260707/reconstructions/COCO_train2014_000000000030/640/seed0_structsplat_quadtree_wse_tensor.png,,,,,cuda,,,,,0,tests/test_images/COCO_train2014_000000000030.jpg,0.9553983807563782,0.3,320,0.5,320,ok,False,False,../../runs/all_gaussian_fit_methods_matched_20260707/targets/COCO_train2014_000000000030.png,0.8649637699127197,160
29.86815529978108,,12.0,640,12.0,3.1052942276000977,9.975624084472656,0.7543644905090332,residual_tensor_add,5,107,COCO_train2014_000000000030,0.1138448715209961,500,500,,35.173763275146484,0.013029263354837894,160,structsplat_quadtree_wse_tensor_featurecap,SS qt-WSE + tensor feature cap,StructSplat quadtree-WSE tensor-aware residual growth with feature-adaptive scale caps.,tensor-growth+feature-cap,0.9906143546104431,0.0004183818819001317,640,0.043502356857061386,l1,33.784271240234375,../../runs/all_gaussian_fit_methods_matched_20260707/reconstructions/COCO_train2014_000000000030/640/seed0_structsplat_quadtree_wse_tensor_featurecap.png,,,,,cuda,12.0,12.0,160.0,feature,0,tests/test_images/COCO_train2014_000000000030.jpg,0.9518506526947021,0.3,320,0.5,320,ok,False,False,../../runs/all_gaussian_fit_methods_matched_20260707/targets/COCO_train2014_000000000030.png,0.8682093620300293,160
29.307001299275186,,,640,160.00001525878906,5.931644916534424,19.003347396850586,0.7445847988128662,residual_tensor_add,5,107,COCO_train2014_000000000030,0.056496620178222656,500,500,,34.311767578125,0.013524352572858334,160,structsplat_quadtree_hybrid_tensor,SS qt-hybrid + tensor,StructSplat quadtree-hybrid initializer plus tensor-aware residual growth.,tensor-growth,0.9921422004699707,0.0005008162697777152,640,0.04764801263809204,l1,33.00321578979492,../../runs/all_gaussian_fit_methods_matched_20260707/reconstructions/COCO_train2014_000000000030/640/seed0_structsplat_quadtree_hybrid_tensor.png,,,,,cuda,,,,,0,tests/test_images/COCO_train2014_000000000030.jpg,0.9548773169517517,0.3,320,0.5,320,ok,False,False,../../runs/all_gaussian_fit_methods_matched_20260707/targets/COCO_train2014_000000000030.png,0.8010814189910889,160
28.67483142860428,,,640,160.00001525878906,6.994487285614014,21.622638702392578,0.7456953525543213,residual_tensor_add,5,107,COCO_train2014_000000000030,0.018503665924072266,500,500,,33.53756332397461,0.014952145516872406,160,floyd_steinberg_tensor,Floyd + tensor,Floyd-Steinberg placement control plus tensor-aware residual growth.,tensor-growth-control,0.9892246723175049,0.0005964047741144896,640,0.052415650337934494,l1,32.244590759277344,../../runs/all_gaussian_fit_methods_matched_20260707/reconstructions/COCO_train2014_000000000030/640/seed0_floyd_steinberg_tensor.png,,,,,cuda,,,,,0,tests/test_images/COCO_train2014_000000000030.jpg,0.9447078704833984,0.3,320,0.5,320,ok,False,False,../../runs/all_gaussian_fit_methods_matched_20260707/targets/COCO_train2014_000000000030.png,0.7641990184783936,160
29.043350456711764,,,640,150.11785888671875,5.048786163330078,16.153289794921875,0.7343506813049316,none,5,107,COCO_train2014_000000000030,0.0003757476806640625,500,500,,31.382579803466797,0.014195648021996021,160,gaussianimage_fixed_full,GaussianImage fixed,GaussianImage-style random fixed-count control; starts at the final cap and does not grow.,fixed-full,0.9921436905860901,0.0009428643388673663,640,0.05829983577132225,l1,30.255508422851562,../../runs/all_gaussian_fit_methods_matched_20260707/reconstructions/COCO_train2014_000000000030/640/seed1_gaussianimage_fixed_full.png,,,,,cuda,,,,,1,tests/test_images/COCO_train2014_000000000030.jpg,0.9523358345031738,0.3,320,0.5,640,ok,False,False,../../runs/all_gaussian_fit_methods_matched_20260707/targets/COCO_train2014_000000000030.png,0.7347264289855957,160
28.130952374490803,,,640,160.00001525878906,5.339591979980469,15.877684593200684,0.7414610385894775,residual_add,5,107,COCO_train2014_000000000030,0.0012011528015136719,500,500,,34.465057373046875,0.013039441779255867,160,gaussianimage_plus_residual,GaussianImage++ residual,GaussianImage++-style analogue: random half-budget start plus residual-add growth.,repo-growth,0.9934074282646179,0.000480866787256673,640,0.04669759422540665,l1,33.179752349853516,../../runs/all_gaussian_fit_methods_matched_20260707/reconstructions/COCO_train2014_000000000030/640/seed1_gaussianimage_plus_residual.png,,,,,cuda,,,,,1,tests/test_images/COCO_train2014_000000000030.jpg,0.9573588967323303,0.3,320,0.5,320,ok,False,False,../../runs/all_gaussian_fit_methods_matched_20260707/targets/COCO_train2014_000000000030.png,0.7426621913909912,160
28.968033429377066,,,640,160.00001525878906,4.478604316711426,12.816187858581543,0.7441976070404053,residual_add,5,107,COCO_train2014_000000000030,0.0024917125701904297,500,500,,34.66206359863281,0.012941268272697926,160,image_gs_residual,Image-GS residual,Image-GS-style analogue: gradient-density random half-budget start plus residual-add growth.,repo-growth,0.9926920533180237,0.0004549503792077303,640,0.044870659708976746,l1,33.42036056518555,../../runs/all_gaussian_fit_methods_matched_20260707/reconstructions/COCO_train2014_000000000030/640/seed1_image_gs_residual.png,,,,,cuda,,,,,1,tests/test_images/COCO_train2014_000000000030.jpg,0.9567711353302002,0.3,320,0.5,320,ok,False,False,../../runs/all_gaussian_fit_methods_matched_20260707/targets/COCO_train2014_000000000030.png,0.7466893196105957,160
29.46645005862555,,,640,160.00001525878906,5.161842346191406,17.847047805786133,0.7415990829467773,residual_add,5,107,COCO_train2014_000000000030,0.04210710525512695,500,500,,34.52923583984375,0.013323627412319183,160,structsplat_onedge_residual,SS on-edge + residual,StructSplat on-edge initializer under the same residual-add growth as external analogues.,same-growth,0.9917388558387756,0.0004742728197015822,640,0.04632769525051117,l1,33.23971939086914,../../runs/all_gaussian_fit_methods_matched_20260707/reconstructions/COCO_train2014_000000000030/640/seed1_structsplat_onedge_residual.png,,,,,cuda,,,,,1,tests/test_images/COCO_train2014_000000000030.jpg,0.9542207717895508,0.3,320,0.5,320,ok,False,False,../../runs/all_gaussian_fit_methods_matched_20260707/targets/COCO_train2014_000000000030.png,0.7837061882019043,160
29.0564825176476,,,640,160.00001525878906,5.318660736083984,16.577207565307617,0.78328537940979,residual_add+relocate,5,107,COCO_train2014_000000000030,0.043567657470703125,500,500,,34.08504104614258,0.013780622743070126,160,structsplat_onedge_residual_relocate,SS on-edge + residual relocate,StructSplat on-edge residual-add growth plus split-scheduled residual relocation.,same-growth+relocate,0.9915367364883423,0.0005274657160043716,640,0.04797898605465889,l1,32.77805709838867,../../runs/all_gaussian_fit_methods_matched_20260707/reconstructions/COCO_train2014_000000000030/640/seed1_structsplat_onedge_residual_relocate.png,16,0.25,4,at_split,cuda,,,,,1,tests/test_images/COCO_train2014_000000000030.jpg,0.9529869556427002,0.3,320,0.5,320,ok,False,False,../../runs/all_gaussian_fit_methods_matched_20260707/targets/COCO_train2014_000000000030.png,0.8268530368804932,160
29.592742744094146,,12.0,640,12.0,2.9259426593780518,9.0,0.7507178783416748,residual_add,5,107,COCO_train2014_000000000030,0.04287409782409668,500,500,,34.71974182128906,0.013425475917756557,160,structsplat_onedge_residual_featurecap,SS on-edge + residual feature cap,StructSplat on-edge residual-add growth with feature-adaptive per-Gaussian scale caps.,same-growth+feature-cap,0.9905868768692017,0.0004545053525362164,640,0.04579617828130722,l1,33.42461013793945,../../runs/all_gaussian_fit_methods_matched_20260707/reconstructions/COCO_train2014_000000000030/640/seed1_structsplat_onedge_residual_featurecap.png,,,,,cuda,12.0,12.0,160.0,feature,1,tests/test_images/COCO_train2014_000000000030.jpg,0.9509472250938416,0.3,320,0.5,320,ok,False,False,../../runs/all_gaussian_fit_methods_matched_20260707/targets/COCO_train2014_000000000030.png,0.7935919761657715,160
29.427092011323673,,,640,160.00001525878906,5.65558385848999,18.080698013305664,0.7457575798034668,residual_tensor_add,5,107,COCO_train2014_000000000030,0.04235577583312988,500,500,,34.278343200683594,0.01380828395485878,160,structsplat_onedge_tensor,SS on-edge + tensor,StructSplat on-edge initializer plus tensor-aware residual growth.,tensor-growth,0.9909014701843262,0.000512578000780195,640,0.04792457073926926,l1,32.90240478515625,../../runs/all_gaussian_fit_methods_matched_20260707/reconstructions/COCO_train2014_000000000030/640/seed1_structsplat_onedge_tensor.png,,,,,cuda,,,,,1,tests/test_images/COCO_train2014_000000000030.jpg,0.9522895812988281,0.3,320,0.5,320,ok,False,False,../../runs/all_gaussian_fit_methods_matched_20260707/targets/COCO_train2014_000000000030.png,0.7881133556365967,160
29.96114654388122,,12.0,640,12.0,3.04438853263855,9.073210716247559,0.737703800201416,residual_tensor_add,5,107,COCO_train2014_000000000030,0.045133352279663086,500,500,,35.03251647949219,0.013090396299958229,160,structsplat_onedge_tensor_featurecap,SS on-edge + tensor feature cap,StructSplat on-edge tensor-aware residual growth with feature-adaptive scale caps.,tensor-growth+feature-cap,0.9905588030815125,0.00042679376201704144,640,0.043677132576704025,l1,33.697818756103516,../../runs/all_gaussian_fit_methods_matched_20260707/reconstructions/COCO_train2014_000000000030/640/seed1_structsplat_onedge_tensor_featurecap.png,,,,,cuda,12.0,12.0,160.0,feature,1,tests/test_images/COCO_train2014_000000000030.jpg,0.9513083100318909,0.3,320,0.5,320,ok,False,False,../../runs/all_gaussian_fit_methods_matched_20260707/targets/COCO_train2014_000000000030.png,0.7828371524810791,160
29.22917402722315,,,640,160.00001525878906,5.920626163482666,18.054244995117188,0.7492499351501465,residual_tensor_add,5,107,COCO_train2014_000000000030,0.04306364059448242,500,500,,34.18596267700195,0.01376365590840578,160,structsplat_flanking_tensor,SS flanking + tensor,StructSplat flanking initializer plus tensor-aware residual growth.,tensor-growth,0.9911469221115112,0.0005124668823555112,640,0.04823179170489311,l1,32.903343200683594,../../runs/all_gaussian_fit_methods_matched_20260707/reconstructions/COCO_train2014_000000000030/640/seed1_structsplat_flanking_tensor.png,,,,,cuda,,,,,1,tests/test_images/COCO_train2014_000000000030.jpg,0.9508222937583923,0.3,320,0.5,320,ok,False,False,../../runs/all_gaussian_fit_methods_matched_20260707/targets/COCO_train2014_000000000030.png,0.7923135757446289,160
29.36325662456199,,,640,160.00001525878906,5.234654903411865,17.096939086914062,0.7313919067382812,residual_add,5,107,COCO_train2014_000000000030,0.11849427223205566,500,500,,34.63471984863281,0.01330251432955265,160,structsplat_quadtree_wse_residual,SS qt-WSE + residual,StructSplat quadtree-WSE initializer under the same residual-add growth as external analogues.,same-growth,0.9921724200248718,0.0004707342304755002,640,0.04606278985738754,l1,33.27224349975586,../../runs/all_gaussian_fit_methods_matched_20260707/reconstructions/COCO_train2014_000000000030/640/seed1_structsplat_quadtree_wse_residual.png,,,,,cuda,,,,,1,tests/test_images/COCO_train2014_000000000030.jpg,0.9547316431999207,0.3,320,0.5,320,ok,False,False,../../runs/all_gaussian_fit_methods_matched_20260707/targets/COCO_train2014_000000000030.png,0.8498861789703369,160
29.02303129398751,,,640,160.00001525878906,5.3799028396606445,17.99210548400879,0.779865026473999,residual_add+relocate,5,107,COCO_train2014_000000000030,0.11550331115722656,500,500,,33.86146926879883,0.013779771514236927,160,structsplat_quadtree_wse_residual_relocate,SS qt-WSE + residual relocate,StructSplat quadtree-WSE residual-add growth plus split-scheduled residual relocation.,same-growth+relocate,0.9920740127563477,0.0005410644807852805,640,0.04846245422959328,l1,32.667510986328125,../../runs/all_gaussian_fit_methods_matched_20260707/reconstructions/COCO_train2014_000000000030/640/seed1_structsplat_quadtree_wse_residual_relocate.png,16,0.25,4,at_split,cuda,,,,,1,tests/test_images/COCO_train2014_000000000030.jpg,0.9530485272407532,0.3,320,0.5,320,ok,False,False,../../runs/all_gaussian_fit_methods_matched_20260707/targets/COCO_train2014_000000000030.png,0.8953683376312256,160
29.499939184628413,,12.0,640,12.0,2.9956369400024414,9.25064754486084,0.7513251304626465,residual_add,5,107,COCO_train2014_000000000030,0.11598086357116699,500,500,,34.5817985534668,0.01339642982929945,160,structsplat_quadtree_wse_residual_featurecap,SS qt-WSE + residual feature cap,StructSplat quadtree-WSE residual-add growth with feature-adaptive scale caps.,same-growth+feature-cap,0.9900538325309753,0.00046228556311689317,640,0.04607690870761871,l1,33.35089874267578,../../runs/all_gaussian_fit_methods_matched_20260707/reconstructions/COCO_train2014_000000000030/640/seed1_structsplat_quadtree_wse_residual_featurecap.png,,,,,cuda,12.0,12.0,160.0,feature,1,tests/test_images/COCO_train2014_000000000030.jpg,0.948792040348053,0.3,320,0.5,320,ok,False,False,../../runs/all_gaussian_fit_methods_matched_20260707/targets/COCO_train2014_000000000030.png,0.8673059940338135,160
29.248521111054508,,,640,160.00001525878906,6.046547889709473,17.63931655883789,0.7476980686187744,residual_tensor_add,5,107,COCO_train2014_000000000030,0.11442303657531738,500,500,,33.89398193359375,0.01382016483694315,160,structsplat_quadtree_wse_tensor,SS qt-WSE + tensor,StructSplat quadtree-WSE initializer plus tensor-aware residual growth.,tensor-growth,0.991320788860321,0.0005436866194941103,640,0.048722222447395325,l1,32.646514892578125,../../runs/all_gaussian_fit_methods_matched_20260707/reconstructions/COCO_train2014_000000000030/640/seed1_structsplat_quadtree_wse_tensor.png,,,,,cuda,,,,,1,tests/test_images/COCO_train2014_000000000030.jpg,0.9526108503341675,0.3,320,0.5,320,ok,False,False,../../runs/all_gaussian_fit_methods_matched_20260707/targets/COCO_train2014_000000000030.png,0.8621211051940918,160
29.728473122468692,,12.0,640,12.0,3.192441701889038,9.76765251159668,0.7693567276000977,residual_tensor_add,5,107,COCO_train2014_000000000030,0.11495590209960938,500,500,,34.82487106323242,0.013340044766664505,160,structsplat_quadtree_wse_tensor_featurecap,SS qt-WSE + tensor feature cap,StructSplat quadtree-WSE tensor-aware residual growth with feature-adaptive scale caps.,tensor-growth+feature-cap,0.9899266958236694,0.00046039235894568264,640,0.045720361173152924,l1,33.36872100830078,../../runs/all_gaussian_fit_methods_matched_20260707/reconstructions/COCO_train2014_000000000030/640/seed1_structsplat_quadtree_wse_tensor_featurecap.png,,,,,cuda,12.0,12.0,160.0,feature,1,tests/test_images/COCO_train2014_000000000030.jpg,0.9500994682312012,0.3,320,0.5,320,ok,False,False,../../runs/all_gaussian_fit_methods_matched_20260707/targets/COCO_train2014_000000000030.png,0.884312629699707,160
29.128770891315714,,,640,160.00001525878906,6.038035869598389,19.174592971801758,0.7373683452606201,residual_tensor_add,5,107,COCO_train2014_000000000030,0.052442312240600586,500,500,,33.86735153198242,0.013996478170156479,160,structsplat_quadtree_hybrid_tensor,SS qt-hybrid + tensor,StructSplat quadtree-hybrid initializer plus tensor-aware residual growth.,tensor-growth,0.9917798638343811,0.0005501267150975764,640,0.049648333340883255,l1,32.595375061035156,../../runs/all_gaussian_fit_methods_matched_20260707/reconstructions/COCO_train2014_000000000030/640/seed1_structsplat_quadtree_hybrid_tensor.png,,,,,cuda,,,,,1,tests/test_images/COCO_train2014_000000000030.jpg,0.951956570148468,0.3,320,0.5,320,ok,False,False,../../runs/all_gaussian_fit_methods_matched_20260707/targets/COCO_train2014_000000000030.png,0.7898106575012207,160
28.615828932645563,,,640,160.00001525878906,7.095590114593506,20.875980377197266,0.777916431427002,residual_tensor_add,5,107,COCO_train2014_000000000030,0.01795363426208496,500,500,,33.46975326538086,0.014868756756186485,160,floyd_steinberg_tensor,Floyd + tensor,Floyd-Steinberg placement control plus tensor-aware residual growth.,tensor-growth-control,0.9898332953453064,0.0005971247446723282,640,0.05154101550579071,l1,32.239349365234375,../../runs/all_gaussian_fit_methods_matched_20260707/reconstructions/COCO_train2014_000000000030/640/seed1_floyd_steinberg_tensor.png,,,,,cuda,,,,,1,tests/test_images/COCO_train2014_000000000030.jpg,0.946166455745697,0.3,320,0.5,320,ok,False,False,../../runs/all_gaussian_fit_methods_matched_20260707/targets/COCO_train2014_000000000030.png,0.7958700656890869,160
20.812182030840244,,,640,33.941768646240234,3.678090810775757,13.548442840576172,0.7544043064117432,none,5,106,COCO_train2014_000000000034,0.00045108795166015625,500,500,,23.01538848876953,0.05071105808019638,160,gaussianimage_fixed_full,GaussianImage fixed,GaussianImage-style random fixed-count control; starts at the final cap and does not grow.,fixed-full,0.9536741971969604,0.005678780376911163,640,0.1515161097049713,l1,22.457448959350586,../../runs/all_gaussian_fit_methods_matched_20260707/reconstructions/COCO_train2014_000000000034/640/seed0_gaussianimage_fixed_full.png,,,,,cuda,,,,,0,tests/test_images/COCO_train2014_000000000034.jpg,0.7893120646476746,0.3,320,0.5,640,ok,False,False,../../runs/all_gaussian_fit_methods_matched_20260707/targets/COCO_train2014_000000000034.png,0.7548553943634033,160
20.45412892569043,,,640,160.00001525878906,4.173696517944336,12.827363014221191,0.7333683967590332,residual_add,5,106,COCO_train2014_000000000034,0.0004184246063232422,500,500,,25.230182647705078,0.04493601992726326,160,gaussianimage_plus_residual,GaussianImage++ residual,GaussianImage++-style analogue: random half-budget start plus residual-add growth.,repo-growth,0.9509767889976501,0.003797450102865696,640,0.12843719124794006,l1,24.205078125,../../runs/all_gaussian_fit_methods_matched_20260707/reconstructions/COCO_train2014_000000000034/640/seed0_gaussianimage_plus_residual.png,,,,,cuda,,,,,0,tests/test_images/COCO_train2014_000000000034.jpg,0.7713791131973267,0.3,320,0.5,320,ok,False,False,../../runs/all_gaussian_fit_methods_matched_20260707/targets/COCO_train2014_000000000034.png,0.7337868213653564,160
20.670548181017796,,,640,160.00001525878906,4.836769104003906,15.695834159851074,0.7228624820709229,residual_add,5,106,COCO_train2014_000000000034,0.002065896987915039,500,500,,25.141387939453125,0.045491062104701996,160,image_gs_residual,Image-GS residual,Image-GS-style analogue: gradient-density random half-budget start plus residual-add growth.,repo-growth,0.9454100131988525,0.003866685088723898,640,0.12951301038265228,l1,24.126609802246094,../../runs/all_gaussian_fit_methods_matched_20260707/reconstructions/COCO_train2014_000000000034/640/seed0_image_gs_residual.png,,,,,cuda,,,,,0,tests/test_images/COCO_train2014_000000000034.jpg,0.7637324333190918,0.3,320,0.5,320,ok,False,False,../../runs/all_gaussian_fit_methods_matched_20260707/targets/COCO_train2014_000000000034.png,0.7249283790588379,160
21.713442443129058,,,640,160.00001525878906,4.462325572967529,12.990456581115723,0.7463738918304443,residual_add,5,106,COCO_train2014_000000000034,0.042934417724609375,500,500,,25.256107330322266,0.04498549550771713,160,structsplat_onedge_residual,SS on-edge + residual,StructSplat on-edge initializer under the same residual-add growth as external analogues.,same-growth,0.9443339705467224,0.0037776357494294643,640,0.12791669368743896,l1,24.227798461914062,../../runs/all_gaussian_fit_methods_matched_20260707/reconstructions/COCO_train2014_000000000034/640/seed0_structsplat_onedge_residual.png,,,,,cuda,,,,,0,tests/test_images/COCO_train2014_000000000034.jpg,0.7591924071311951,0.3,320,0.5,320,ok,False,False,../../runs/all_gaussian_fit_methods_matched_20260707/targets/COCO_train2014_000000000034.png,0.7893083095550537,160
21.455296514507285,,,640,160.00001525878906,4.7235426902771,13.745575904846191,0.7872817516326904,residual_add+relocate,5,106,COCO_train2014_000000000034,0.040877342224121094,500,500,,25.05939483642578,0.04604444280266762,160,structsplat_onedge_residual_relocate,SS on-edge + residual relocate,StructSplat on-edge residual-add growth plus split-scheduled residual relocation.,same-growth+relocate,0.9393909573554993,0.003980389796197414,640,0.13147534430027008,l1,24.000743865966797,../../runs/all_gaussian_fit_methods_matched_20260707/reconstructions/COCO_train2014_000000000034/640/seed0_structsplat_onedge_residual_relocate.png,16,0.25,4,at_split,cuda,,,,,0,tests/test_images/COCO_train2014_000000000034.jpg,0.7522540092468262,0.3,320,0.5,320,ok,False,False,../../runs/all_gaussian_fit_methods_matched_20260707/targets/COCO_train2014_000000000034.png,0.8281590938568115,160
21.69094279103862,,12.0,640,12.0,2.3967275619506836,7.382802963256836,0.7394921779632568,residual_add,5,106,COCO_train2014_000000000034,0.04205060005187988,500,500,,25.141521453857422,0.045088991522789,160,structsplat_onedge_residual_featurecap,SS on-edge + residual feature cap,StructSplat on-edge residual-add growth with feature-adaptive per-Gaussian scale caps.,same-growth+feature-cap,0.9422016143798828,0.0038674690295010805,640,0.12911991775035858,l1,24.125732421875,../../runs/all_gaussian_fit_methods_matched_20260707/reconstructions/COCO_train2014_000000000034/640/seed0_structsplat_onedge_residual_featurecap.png,,,,,cuda,12.0,12.0,160.0,feature,0,tests/test_images/COCO_train2014_000000000034.jpg,0.7618026733398438,0.3,320,0.5,320,ok,False,False,../../runs/all_gaussian_fit_methods_matched_20260707/targets/COCO_train2014_000000000034.png,0.7815427780151367,160
21.8481471782218,,,640,160.00001525878906,4.883003234863281,13.393938064575195,0.7504539489746094,residual_tensor_add,5,106,COCO_train2014_000000000034,0.04246163368225098,500,500,,25.202518463134766,0.04546952247619629,160,structsplat_onedge_tensor,SS on-edge + tensor,StructSplat on-edge initializer plus tensor-aware residual growth.,tensor-growth,0.9472123384475708,0.003817522432655096,640,0.12809111177921295,l1,24.182186126708984,../../runs/all_gaussian_fit_methods_matched_20260707/reconstructions/COCO_train2014_000000000034/640/seed0_structsplat_onedge_tensor.png,,,,,cuda,,,,,0,tests/test_images/COCO_train2014_000000000034.jpg,0.7658347487449646,0.3,320,0.5,320,ok,False,False,../../runs/all_gaussian_fit_methods_matched_20260707/targets/COCO_train2014_000000000034.png,0.7929155826568604,160
21.910804412169064,,12.0,640,12.0,2.6037652492523193,7.390988826751709,0.7465486526489258,residual_tensor_add,5,106,COCO_train2014_000000000034,0.04321742057800293,500,500,,25.057109832763672,0.04519835487008095,160,structsplat_onedge_tensor_featurecap,SS on-edge + tensor feature cap,StructSplat on-edge tensor-aware residual growth with feature-adaptive scale caps.,tensor-growth+feature-cap,0.9450960159301758,0.0039050900377333164,640,0.12925352156162262,l1,24.083690643310547,../../runs/all_gaussian_fit_methods_matched_20260707/reconstructions/COCO_train2014_000000000034/640/seed0_structsplat_onedge_tensor_featurecap.png,,,,,cuda,12.0,12.0,160.0,feature,0,tests/test_images/COCO_train2014_000000000034.jpg,0.7643877267837524,0.3,320,0.5,320,ok,False,False,../../runs/all_gaussian_fit_methods_matched_20260707/targets/COCO_train2014_000000000034.png,0.7897660732269287,160
21.79770065070632,,,640,160.00001525878906,5.205605983734131,15.48076343536377,0.7334263324737549,residual_tensor_add,5,106,COCO_train2014_000000000034,0.0405888557434082,500,500,,25.24349021911621,0.045186907052993774,160,structsplat_flanking_tensor,SS flanking + tensor,StructSplat flanking initializer plus tensor-aware residual growth.,tensor-growth,0.9444301128387451,0.0038050548173487186,640,0.1290397346019745,l1,24.196392059326172,../../runs/all_gaussian_fit_methods_matched_20260707/reconstructions/COCO_train2014_000000000034/640/seed0_structsplat_flanking_tensor.png,,,,,cuda,,,,,0,tests/test_images/COCO_train2014_000000000034.jpg,0.7635442614555359,0.3,320,0.5,320,ok,False,False,../../runs/all_gaussian_fit_methods_matched_20260707/targets/COCO_train2014_000000000034.png,0.7740151882171631,160
21.662289806740556,,,640,160.00001525878906,4.921605110168457,15.283110618591309,0.7243804931640625,residual_add,5,106,COCO_train2014_000000000034,0.07865595817565918,500,500,,25.23052978515625,0.04514630138874054,160,structsplat_quadtree_wse_residual,SS qt-WSE + residual,StructSplat quadtree-WSE initializer under the same residual-add growth as external analogues.,same-growth,0.9419826865196228,0.0038665137253701687,640,0.12941193580627441,l1,24.126806259155273,../../runs/all_gaussian_fit_methods_matched_20260707/reconstructions/COCO_train2014_000000000034/640/seed0_structsplat_quadtree_wse_residual.png,,,,,cuda,,,,,0,tests/test_images/COCO_train2014_000000000034.jpg,0.7598755359649658,0.3,320,0.5,320,ok,False,False,../../runs/all_gaussian_fit_methods_matched_20260707/targets/COCO_train2014_000000000034.png,0.8030364513397217,160
21.552178732617822,,,640,160.00001525878906,5.055152416229248,15.682371139526367,0.7682504653930664,residual_add+relocate,5,106,COCO_train2014_000000000034,0.07637500762939453,500,500,,25.109119415283203,0.04609273374080658,160,structsplat_quadtree_wse_residual_relocate,SS qt-WSE + residual relocate,StructSplat quadtree-WSE residual-add growth plus split-scheduled residual relocation.,same-growth+relocate,0.941480815410614,0.003941106144338846,640,0.13033756613731384,l1,24.043819427490234,../../runs/all_gaussian_fit_methods_matched_20260707/reconstructions/COCO_train2014_000000000034/640/seed0_structsplat_quadtree_wse_residual_relocate.png,16,0.25,4,at_split,cuda,,,,,0,tests/test_images/COCO_train2014_000000000034.jpg,0.7545630931854248,0.3,320,0.5,320,ok,False,False,../../runs/all_gaussian_fit_methods_matched_20260707/targets/COCO_train2014_000000000034.png,0.8446254730224609,160
21.579835442598455,,12.0,640,12.0,2.532492160797119,7.7308759689331055,0.7470567226409912,residual_add,5,106,COCO_train2014_000000000034,0.07790803909301758,500,500,,24.514949798583984,0.046988874673843384,160,structsplat_quadtree_wse_residual_featurecap,SS qt-WSE + residual feature cap,StructSplat quadtree-WSE residual-add growth with feature-adaptive scale caps.,same-growth+feature-cap,0.9396491646766663,0.004443072713911533,640,0.13752757012844086,l1,23.52316665649414,../../runs/all_gaussian_fit_methods_matched_20260707/reconstructions/COCO_train2014_000000000034/640/seed0_structsplat_quadtree_wse_residual_featurecap.png,,,,,cuda,12.0,12.0,160.0,feature,0,tests/test_images/COCO_train2014_000000000034.jpg,0.7486703395843506,0.3,320,0.5,320,ok,False,False,../../runs/all_gaussian_fit_methods_matched_20260707/targets/COCO_train2014_000000000034.png,0.8249647617340088,160
21.813198001685745,,,640,160.00001525878906,5.696122646331787,17.820085525512695,0.7416436672210693,residual_tensor_add,5,106,COCO_train2014_000000000034,0.07729530334472656,500,500,,25.199092864990234,0.04552076384425163,160,structsplat_quadtree_wse_tensor,SS qt-WSE + tensor,StructSplat quadtree-WSE initializer plus tensor-aware residual growth.,tensor-growth,0.9444215297698975,0.0038435396272689104,640,0.12995430827140808,l1,24.15268898010254,../../runs/all_gaussian_fit_methods_matched_20260707/reconstructions/COCO_train2014_000000000034/640/seed0_structsplat_quadtree_wse_tensor.png,,,,,cuda,,,,,0,tests/test_images/COCO_train2014_000000000034.jpg,0.7631691694259644,0.3,320,0.5,320,ok,False,False,../../runs/all_gaussian_fit_methods_matched_20260707/targets/COCO_train2014_000000000034.png,0.8189389705657959,160
21.70388821848409,,12.0,640,12.0,2.6321074962615967,7.634277820587158,0.7583506107330322,residual_tensor_add,5,106,COCO_train2014_000000000034,0.08066725730895996,500,500,,24.91879653930664,0.04574710503220558,160,structsplat_quadtree_wse_tensor_featurecap,SS qt-WSE + tensor feature cap,StructSplat quadtree-WSE tensor-aware residual growth with feature-adaptive scale caps.,tensor-growth+feature-cap,0.9392223358154297,0.004067519214004278,640,0.13152757287025452,l1,23.906705856323242,../../runs/all_gaussian_fit_methods_matched_20260707/reconstructions/COCO_train2014_000000000034/640/seed0_structsplat_quadtree_wse_tensor_featurecap.png,,,,,cuda,12.0,12.0,160.0,feature,0,tests/test_images/COCO_train2014_000000000034.jpg,0.7535489201545715,0.3,320,0.5,320,ok,False,False,../../runs/all_gaussian_fit_methods_matched_20260707/targets/COCO_train2014_000000000034.png,0.8390178680419922,160
21.853774240833964,,,640,160.00001525878906,5.6296257972717285,19.195775985717773,0.7472472190856934,residual_tensor_add,5,106,COCO_train2014_000000000034,0.05160951614379883,500,500,,25.178308486938477,0.04572460055351257,160,structsplat_quadtree_hybrid_tensor,SS qt-hybrid + tensor,StructSplat quadtree-hybrid initializer plus tensor-aware residual growth.,tensor-growth,0.9456121325492859,0.0038537010550498962,640,0.12865301966667175,l1,24.141220092773438,../../runs/all_gaussian_fit_methods_matched_20260707/reconstructions/COCO_train2014_000000000034/640/seed0_structsplat_quadtree_hybrid_tensor.png,,,,,cuda,,,,,0,tests/test_images/COCO_train2014_000000000034.jpg,0.7629939317703247,0.3,320,0.5,320,ok,False,False,../../runs/all_gaussian_fit_methods_matched_20260707/targets/COCO_train2014_000000000034.png,0.7988567352294922,160
21.368195191652838,,,640,139.06491088867188,4.938459873199463,17.61257553100586,0.7268924713134766,residual_tensor_add,5,106,COCO_train2014_000000000034,0.017411470413208008,500,500,,24.963462829589844,0.046399351209402084,160,floyd_steinberg_tensor,Floyd + tensor,Floyd-Steinberg placement control plus tensor-aware residual growth.,tensor-growth-control,0.93727707862854,0.003994109574705362,640,0.13124315440654755,l1,23.985801696777344,../../runs/all_gaussian_fit_methods_matched_20260707/reconstructions/COCO_train2014_000000000034/640/seed0_floyd_steinberg_tensor.png,,,,,cuda,,,,,0,tests/test_images/COCO_train2014_000000000034.jpg,0.751255989074707,0.3,320,0.5,320,ok,False,False,../../runs/all_gaussian_fit_methods_matched_20260707/targets/COCO_train2014_000000000034.png,0.7443039417266846,160
20.20742600809835,,,640,160.00001525878906,4.009631156921387,12.565927505493164,0.7428758144378662,none,5,106,COCO_train2014_000000000034,0.00035643577575683594,500,500,,22.412391662597656,0.0523563027381897,160,gaussianimage_fixed_full,GaussianImage fixed,GaussianImage-style random fixed-count control; starts at the final cap and does not grow.,fixed-full,0.9437488317489624,0.006460248492658138,640,0.15580959618091583,l1,21.89750862121582,../../runs/all_gaussian_fit_methods_matched_20260707/reconstructions/COCO_train2014_000000000034/640/seed1_gaussianimage_fixed_full.png,,,,,cuda,,,,,1,tests/test_images/COCO_train2014_000000000034.jpg,0.7801675796508789,0.3,320,0.5,640,ok,False,False,../../runs/all_gaussian_fit_methods_matched_20260707/targets/COCO_train2014_000000000034.png,0.743232250213623,160
20.343825255223887,,,640,160.00001525878906,4.4759087562561035,15.363704681396484,0.7349221706390381,residual_add,5,106,COCO_train2014_000000000034,0.00032591819763183594,500,500,,25.019065856933594,0.04557463526725769,160,gaussianimage_plus_residual,GaussianImage++ residual,GaussianImage++-style analogue: random half-budget start plus residual-add growth.,repo-growth,0.9474901556968689,0.003942506387829781,640,0.13136781752109528,l1,24.042278289794922,../../runs/all_gaussian_fit_methods_matched_20260707/reconstructions/COCO_train2014_000000000034/640/seed1_gaussianimage_plus_residual.png,,,,,cuda,,,,,1,tests/test_images/COCO_train2014_000000000034.jpg,0.7628474831581116,0.3,320,0.5,320,ok,False,False,../../runs/all_gaussian_fit_methods_matched_20260707/targets/COCO_train2014_000000000034.png,0.7352480888366699,160
20.642981433677292,,,640,154.55126953125,4.055723190307617,13.583244323730469,0.7439420223236084,residual_add,5,106,COCO_train2014_000000000034,0.0020704269409179688,500,500,,25.101341247558594,0.04547887668013573,160,image_gs_residual,Image-GS residual,Image-GS-style analogue: gradient-density random half-budget start plus residual-add growth.,repo-growth,0.9457506537437439,0.003901115385815501,640,0.1309061497449875,l1,24.088111877441406,../../runs/all_gaussian_fit_methods_matched_20260707/reconstructions/COCO_train2014_000000000034/640/seed1_image_gs_residual.png,,,,,cuda,,,,,1,tests/test_images/COCO_train2014_000000000034.jpg,0.7618424892425537,0.3,320,0.5,320,ok,False,False,../../runs/all_gaussian_fit_methods_matched_20260707/targets/COCO_train2014_000000000034.png,0.7460124492645264,160
21.600115540987982,,,640,160.00001525878906,5.110952854156494,19.707712173461914,0.728369951248169,residual_add,5,106,COCO_train2014_000000000034,0.04086613655090332,500,500,,25.21908187866211,0.04514601454138756,160,structsplat_onedge_residual,SS on-edge + residual,StructSplat on-edge initializer under the same residual-add growth as external analogues.,same-growth,0.9451892375946045,0.003792134113609791,640,0.12855026125907898,l1,24.211162567138672,../../runs/all_gaussian_fit_methods_matched_20260707/reconstructions/COCO_train2014_000000000034/640/seed1_structsplat_onedge_residual.png,,,,,cuda,,,,,1,tests/test_images/COCO_train2014_000000000034.jpg,0.762478768825531,0.3,320,0.5,320,ok,False,False,../../runs/all_gaussian_fit_methods_matched_20260707/targets/COCO_train2014_000000000034.png,0.7692360877990723,160
21.47079286403312,,,640,160.00001525878906,5.589428901672363,19.10668182373047,0.7977073192596436,residual_add+relocate,5,106,COCO_train2014_000000000034,0.041425228118896484,500,500,,24.861867904663086,0.046591248363256454,160,structsplat_onedge_residual_relocate,SS on-edge + residual relocate,StructSplat on-edge residual-add growth plus split-scheduled residual relocation.,same-growth+relocate,0.9428045749664307,0.004051604773849249,640,0.1320432722568512,l1,23.923728942871094,../../runs/all_gaussian_fit_methods_matched_20260707/reconstructions/COCO_train2014_000000000034/640/seed1_structsplat_onedge_residual_relocate.png,16,0.25,4,at_split,cuda,,,,,1,tests/test_images/COCO_train2014_000000000034.jpg,0.7550712823867798,0.3,320,0.5,320,ok,False,False,../../runs/all_gaussian_fit_methods_matched_20260707/targets/COCO_train2014_000000000034.png,0.83913254737854,160
21.52060712076619,,12.0,640,12.0,2.4988887310028076,7.730347156524658,0.7515907287597656,residual_add,5,106,COCO_train2014_000000000034,0.043096065521240234,500,500,,25.192861557006836,0.044985365122556686,160,structsplat_onedge_residual_featurecap,SS on-edge + residual feature cap,StructSplat on-edge residual-add growth with feature-adaptive per-Gaussian scale caps.,same-growth+feature-cap,0.9392159581184387,0.0038528237491846085,640,0.13101191818714142,l1,24.142210006713867,../../runs/all_gaussian_fit_methods_matched_20260707/reconstructions/COCO_train2014_000000000034/640/seed1_structsplat_onedge_residual_featurecap.png,,,,,cuda,12.0,12.0,160.0,feature,1,tests/test_images/COCO_train2014_000000000034.jpg,0.750365138053894,0.3,320,0.5,320,ok,False,False,../../runs/all_gaussian_fit_methods_matched_20260707/targets/COCO_train2014_000000000034.png,0.7946867942810059,160
21.792808339686577,,,640,160.00001525878906,5.485963344573975,18.067392349243164,0.7403450012207031,residual_tensor_add,5,106,COCO_train2014_000000000034,0.04846835136413574,500,500,,25.304624557495117,0.04494709149003029,160,structsplat_onedge_tensor,SS on-edge + tensor,StructSplat on-edge initializer plus tensor-aware residual growth.,tensor-growth,0.9474778771400452,0.0037633611354976892,640,0.12736734747886658,l1,24.24424171447754,../../runs/all_gaussian_fit_methods_matched_20260707/reconstructions/COCO_train2014_000000000034/640/seed1_structsplat_onedge_tensor.png,,,,,cuda,,,,,1,tests/test_images/COCO_train2014_000000000034.jpg,0.7672446370124817,0.3,320,0.5,320,ok,False,False,../../runs/all_gaussian_fit_methods_matched_20260707/targets/COCO_train2014_000000000034.png,0.7888133525848389,160
21.866677966528762,,12.0,640,12.0,2.6390292644500732,8.307826042175293,0.7611100673675537,residual_tensor_add,5,106,COCO_train2014_000000000034,0.04217934608459473,500,500,,25.320711135864258,0.04441012069582939,160,structsplat_onedge_tensor_featurecap,SS on-edge + tensor feature cap,StructSplat on-edge tensor-aware residual growth with feature-adaptive scale caps.,tensor-growth+feature-cap,0.943872332572937,0.003722370835021138,640,0.12838082015514374,l1,24.291805267333984,../../runs/all_gaussian_fit_methods_matched_20260707/reconstructions/COCO_train2014_000000000034/640/seed1_structsplat_onedge_tensor_featurecap.png,,,,,cuda,12.0,12.0,160.0,feature,1,tests/test_images/COCO_train2014_000000000034.jpg,0.762302815914154,0.3,320,0.5,320,ok,False,False,../../runs/all_gaussian_fit_methods_matched_20260707/targets/COCO_train2014_000000000034.png,0.8032894134521484,160
21.80266027412338,,,640,160.00001525878906,5.422675609588623,17.35238265991211,0.7466795444488525,residual_tensor_add,5,106,COCO_train2014_000000000034,0.04170942306518555,500,500,,25.25543975830078,0.044935788959264755,160,structsplat_flanking_tensor,SS flanking + tensor,StructSplat flanking initializer plus tensor-aware residual growth.,tensor-growth,0.9440099000930786,0.003794454038143158,640,0.12870271503925323,l1,24.208507537841797,../../runs/all_gaussian_fit_methods_matched_20260707/reconstructions/COCO_train2014_000000000034/640/seed1_structsplat_flanking_tensor.png,,,,,cuda,,,,,1,tests/test_images/COCO_train2014_000000000034.jpg,0.7657639384269714,0.3,320,0.5,320,ok,False,False,../../runs/all_gaussian_fit_methods_matched_20260707/targets/COCO_train2014_000000000034.png,0.7883889675140381,160
21.673227799440433,,,640,160.00001525878906,4.814087867736816,16.987533569335938,0.7449595928192139,residual_add,5,106,COCO_train2014_000000000034,0.08216309547424316,500,500,,25.323596954345703,0.045029450207948685,160,structsplat_quadtree_wse_residual,SS qt-WSE + residual,StructSplat quadtree-WSE initializer under the same residual-add growth as external analogues.,same-growth,0.9414160847663879,0.003779457416385412,640,0.12893490493297577,l1,24.2257080078125,../../runs/all_gaussian_fit_methods_matched_20260707/reconstructions/COCO_train2014_000000000034/640/seed1_structsplat_quadtree_wse_residual.png,,,,,cuda,,,,,1,tests/test_images/COCO_train2014_000000000034.jpg,0.7567112445831299,0.3,320,0.5,320,ok,False,False,../../runs/all_gaussian_fit_methods_matched_20260707/targets/COCO_train2014_000000000034.png,0.827122688293457,160
21.503981668629006,,,640,160.00001525878906,4.902506351470947,16.98689842224121,0.7805914878845215,residual_add+relocate,5,106,COCO_train2014_000000000034,0.07732176780700684,500,500,,25.0936336517334,0.04603759944438934,160,structsplat_quadtree_wse_residual_relocate,SS qt-WSE + residual relocate,StructSplat quadtree-WSE residual-add growth plus split-scheduled residual relocation.,same-growth+relocate,0.9418659210205078,0.003924014046788216,640,0.13039930164813995,l1,24.062694549560547,../../runs/all_gaussian_fit_methods_matched_20260707/reconstructions/COCO_train2014_000000000034/640/seed1_structsplat_quadtree_wse_residual_relocate.png,16,0.25,4,at_split,cuda,,,,,1,tests/test_images/COCO_train2014_000000000034.jpg,0.7543801069259644,0.3,320,0.5,320,ok,False,False,../../runs/all_gaussian_fit_methods_matched_20260707/targets/COCO_train2014_000000000034.png,0.8579132556915283,160
21.576336465044346,,12.0,640,12.0,2.523437023162842,7.732403755187988,0.7371058464050293,residual_add,5,106,COCO_train2014_000000000034,0.07839679718017578,500,500,,24.621356964111328,0.04716714099049568,160,structsplat_quadtree_wse_residual_featurecap,SS qt-WSE + residual feature cap,StructSplat quadtree-WSE residual-add growth with feature-adaptive scale caps.,same-growth+feature-cap,0.9315657019615173,0.004292523954063654,640,0.13648684322834015,l1,23.672874450683594,../../runs/all_gaussian_fit_methods_matched_20260707/reconstructions/COCO_train2014_000000000034/640/seed1_structsplat_quadtree_wse_residual_featurecap.png,,,,,cuda,12.0,12.0,160.0,feature,1,tests/test_images/COCO_train2014_000000000034.jpg,0.7352279424667358,0.3,320,0.5,320,ok,False,False,../../runs/all_gaussian_fit_methods_matched_20260707/targets/COCO_train2014_000000000034.png,0.8155026435852051,160
21.753768112473114,,,640,160.00001525878906,5.303168773651123,17.05328941345215,0.7318980693817139,residual_tensor_add,5,106,COCO_train2014_000000000034,0.07783699035644531,500,500,,25.17634391784668,0.04589454457163811,160,structsplat_quadtree_wse_tensor,SS qt-WSE + tensor,StructSplat quadtree-WSE initializer plus tensor-aware residual growth.,tensor-growth,0.9425100684165955,0.003912642598152161,640,0.1300397664308548,l1,24.075298309326172,../../runs/all_gaussian_fit_methods_matched_20260707/reconstructions/COCO_train2014_000000000034/640/seed1_structsplat_quadtree_wse_tensor.png,,,,,cuda,,,,,1,tests/test_images/COCO_train2014_000000000034.jpg,0.7567574381828308,0.3,320,0.5,320,ok,False,False,../../runs/all_gaussian_fit_methods_matched_20260707/targets/COCO_train2014_000000000034.png,0.8097350597381592,160
21.823610496903232,,12.0,640,12.0,2.562999963760376,7.6432929039001465,0.7617697715759277,residual_tensor_add,5,106,COCO_train2014_000000000034,0.0767672061920166,500,500,,25.22162437438965,0.04487156867980957,160,structsplat_quadtree_wse_tensor_featurecap,SS qt-WSE + tensor feature cap,StructSplat quadtree-WSE tensor-aware residual growth with feature-adaptive scale caps.,tensor-growth+feature-cap,0.9407564401626587,0.0038123568519949913,640,0.1296692043542862,l1,24.188064575195312,../../runs/all_gaussian_fit_methods_matched_20260707/reconstructions/COCO_train2014_000000000034/640/seed1_structsplat_quadtree_wse_tensor_featurecap.png,,,,,cuda,12.0,12.0,160.0,feature,1,tests/test_images/COCO_train2014_000000000034.jpg,0.7543094754219055,0.3,320,0.5,320,ok,False,False,../../runs/all_gaussian_fit_methods_matched_20260707/targets/COCO_train2014_000000000034.png,0.8385369777679443,160
21.845163726615525,,,640,160.00001525878906,5.248776435852051,15.96690845489502,0.7453789710998535,residual_tensor_add,5,106,COCO_train2014_000000000034,0.055495262145996094,500,500,,25.32036781311035,0.04480937495827675,160,structsplat_quadtree_hybrid_tensor,SS qt-hybrid + tensor,StructSplat quadtree-hybrid initializer plus tensor-aware residual growth.,tensor-growth,0.9464522004127502,0.003724826266989112,640,0.1266298145055771,l1,24.2889404296875,../../runs/all_gaussian_fit_methods_matched_20260707/reconstructions/COCO_train2014_000000000034/640/seed1_structsplat_quadtree_hybrid_tensor.png,,,,,cuda,,,,,1,tests/test_images/COCO_train2014_000000000034.jpg,0.767450213432312,0.3,320,0.5,320,ok,False,False,../../runs/all_gaussian_fit_methods_matched_20260707/targets/COCO_train2014_000000000034.png,0.8008742332458496,160
21.2567293935405,,,640,159.03392028808594,5.095633029937744,17.182470321655273,0.748152494430542,residual_tensor_add,5,106,COCO_train2014_000000000034,0.018012523651123047,500,500,,24.683712005615234,0.04762434586882591,160,floyd_steinberg_tensor,Floyd + tensor,Floyd-Steinberg placement control plus tensor-aware residual growth.,tensor-growth-control,0.9306578040122986,0.0042385440319776535,640,0.13516780734062195,l1,23.727832794189453,../../runs/all_gaussian_fit_methods_matched_20260707/reconstructions/COCO_train2014_000000000034/640/seed1_floyd_steinberg_tensor.png,,,,,cuda,,,,,1,tests/test_images/COCO_train2014_000000000034.jpg,0.7408633232116699,0.3,320,0.5,320,ok,False,False,../../runs/all_gaussian_fit_methods_matched_20260707/targets/COCO_train2014_000000000034.png,0.766165018081665,160
